{
    "program_title" : "HCL Digital Experience File Sync v%s",
    "program_help_1" : "Dieses Dienstprogramm synchronisiert WebDAV-Ressourcen für ein HCL Portal-Motiv mit einem lokalen Verzeichnis.",
    "program_help_2" : "Es ermöglicht einem Motiventwickler, diese Dateien ohne großen Aufwand lokal in seinem bevorzugten Editor zu bearbeiten.",
    "program_help_3" : "Dateien werden automatisch auf den fernen Server hochgeladen, wenn sie lokal aktualisiert werden.",
    "program_help_4" : "Weitere Informationen finden Sie in der abgehängten Datei readme.txt\n",
    "program_help_5" : "Befehlshilfe:\ndxsync.sh <Optionen> <command>\n",
    "program_help_6" : "Verfügbare Befehle:",
    "program_help_7" : "init\n    Initialisiert ein Motiv im aktuellen lokalen Verzeichnis.",
    "program_help_8" : "run\n    Führt eine bidirektionale Synchronisation durch und lässt den Prozess im Hintergrund aktiviert, um die Dateien weiterhin auf Änderungen hin zu überwachen.",
    "program_help_9" : "pull\n    Bewirkt, dass bei einer unidirektionalen Synchronisation alle aktualisierten Dateien vom fernen System heruntergeladen werden.",
    "program_help_10" : "push\n    Bewirkt, dass bei einer unidirektionalen Synchronisation alle aktualisierten Dateien auf das ferne System hochgeladen (und Änderungen auf dem fernen System überschrieben) werden.\n",
    "program_help_11" : "Verfügbare Optionen:",
    "program_help_12" : "--debug\n    Aktiviert den Debugmodus mit den Standardeinstellungen (Stufe: finer, alle Methoden und Dateien)",
    "program_help_13" : "--debug-finest\n    Setzt die Tracestufe auf finest.\n",
    "log_file_location" : "Die Protokolldatei wird nach %s/.dxsync.log geschrieben.",
    "log_file_location2" : "Die Protokolldatei ist an der folgenden Position zu finden: %s",
    "sigint" : "Prozess wird unterbrochen.",
    "uncaught_exception" : "Nicht abgefangene Ausnahme",
    "unrecognized_command" : "Nicht erkannter Befehl: %s",
    "unrecognized_option" : "Nicht erkannte Option: %s",
    "too_many_commands" : "Zu viele Befehle: %s",
    "setup_1" : "Mit diesem Befehl erstellen Sie einen neuen Motivsynchronisationspunkt im",
    "setup_2" : "aktuellen Verzeichnis '%s'.\n",
    "setup_3" : "Folgen Sie den Eingabeaufforderungen, um die Verbindung zur fernen HCL Portal-Instanz herzustellen.",
    "setup_connecting" : "Verbindung zum fernen Server wird hergestellt...",
    "setup_themes_found" : "Die folgenden Motive wurden gefunden. Wählen Sie das Motiv aus, zu dem Sie eine Verbindung herstellen möchten:",
    "setup_theme_desc" : "Geben Sie eine Zahl zwischen 1 und %d ein.",
    "list_themes" : "Motive werden von %s abgerufen",
    "list_themes_none" : "Es wurden keine Motive auf dem Zielserver gefunden.",
    "setup_abort" : "Initialisierung wird abgebrochen.",
    "setup_success1" : "Motivsynchronisation wurde erfolgreich konfiguriert.",
    "setup_success2" : "Sie sind im Begriff, die Synchronisation mit dem Befehl 'run' durchzuführen.",
    "print_config" : "Konfiguration:",
    "error_loading_config" : "Die dxsync-Einstellungen in diesem Verzeichnis können nicht geladen werden. Führen Sie zuerst 'dxsync.sh init' aus.",
    "error_host" : "Es kann keine Verbindung zum Host hergestellt werden.",
    "error_refused" : "Verbindung verweigert.",
    "error_not_found" : "Das angeforderte Element wurde nicht gefunden.",
    "error_unauthorized" : "Keine Berechtigung. Der Benutzer oder das Kennwort ist falsch.",
    "error_wrong_protocol" : "Falsches Protokoll. Dieser Fehler tritt gewöhnlich auf, wenn Sie beim Herstellen der Verbindung zum Server den falschen Port verwenden, z. B. einen nicht sicheren Port (HTTP) für eine sichere Position (HTTPS-URL).",
    "error_connection_reset" : "Die Verbindung wurde zurückgesetzt. Dieser Fehler tritt gewöhnlich auf, wenn Sie beim Herstellen der Verbindung zum Server den falschen Port verwenden, z. B. einen sicheren Port (HTTPS) für eine nicht sichere Position (HTTP-URL).",
    "error_probably_no_tai" : "Die Authentifizierung beim fernen System ist nicht möglich. Dieser Fehler ist wahrscheinlich darauf zurückzuführen, dass der TAI (Trust Association Interceptor) für die Basisauthentifizierung auf dem Zielhost inaktiviert wurde. Lesen Sie in der DXSync-Dokumentation nach, wie der TAI aktiviert wird.",

    "config_section_basic" : "Basis",
    "config_section_advanced" : "Erweitert",
    "config_host_desc" : "Hostname",
    "config_user_desc" : "Benutzername",
    "config_pass_desc" : "Kennwort",
    "config_contenthandler_desc" : "Pfad zum Inhaltshandler-Servlet",
    "config_port_desc" : "Port",
    "config_theme_desc" : "Motiv",
    "config_syncinterval_desc" : "Intervall in Minuten für die Hintergrundsynchronisation",
    "config_connections_desc" : "Anzahl gleichzeitiger Fernverbindungen",
    "config_filter_desc" : "Regulärer Ausdruck zum Ignorieren von Dateien",
    "config_secure_desc" : "Sichere Verbindung (HTTPS)?",

    "webdav_request_canceled" : "WebDAV-Anforderung durch Abbruchanforderung unterbrochen.",
    "webdav_retry_success" : "Das zuvor für '%s' festgestellte Problem wurde nach %s Wiederholungen behoben.",
    "webdav_invalid_url" : "Ungültige URL (%s) - Schema nicht gefunden",

    "watcher_restart" : "Neustart der Motivsynchronisation! (Umbenennungsbefehl für %s nicht erfolgreich)",
    "watcher_restart2" : "Neustart der Motivsynchronisation! (Handler wurde nicht im Pfad #1 ? %s gefunden)",
    "watcher_restart3" : "Neustart der Motivsynchronisation! (Handler wurde nicht im Pfad #2 ? %s gefunden)",
    "watcher_stateexception" : "UnknownStateException:\nPfad: %s\nwatchedPath: %\nstartDir: %s",
    "watcher_windows_1" : "Aufgrund von Plattformeinschränkungen unter Windows (Behandlung offener Dateihandles) wird das Löschen von Verzeichnissen bei der Überwachung von Dateien nicht unterstützt.",
    "watcher_windows_2" : "Zum Löschen eines Ordners während der Überwachung müssen Sie ein anderes Dateisystem wie OSX oder Linux verwenden. Unter Windows müssen Sie die Überwachung stoppen, den Ordner löschen und anschließend den Prozess erneut starten.\n",
    "watcher_unable_1" : "Die Dateien können wegen des fehlenden Moduls pathwatcher nicht überwacht werden. Installieren Sie das Modul aus der Quelle mit dem Flag --use-pre-compiled. ",
    "watcher_unable_2" : "Informieren Sie den Autor dieses Moduls über die fehlenden vorkompilierten Abhängigkeiten.",
    "watcher_unable_3" : "Informationen zu Ihrem System: %s (Plattform) / %s (Architektur)\n",
    "watcher_win_toomany_folders" : "Das Verzeichnis '%s' kann wegen eines nicht behobenen Programmfehlers in einer vorausgesetzten Komponente nicht überwacht werden.\nWeitere Informationen finden Sie unter https://github.com/atom/node-pathwatcher/issues/70.",
    "watcher_win_toomany_folders_start" : "Die folgenden Verzeichnisse können wegen eines nicht behobenen Programmfehlers in einer vorausgesetzten Komponente nicht überwacht werden.\nWeitere Informationen finden Sie unter https://github.com/atom/node-pathwatcher/issues/70.",
    "watcher_forcewatch_info" : "Wenn eines der zuvor aufgelisteten Verzeichnisse zu Gunsten von anderen Verzeichnissen überwacht werden muss, können Sie die Einstellung 'forceWatch' verwenden. Fügen Sie das Element forceWatch einfach der Einstellungsdatei in %s hinzu. Der Wert ist ein Bereich von Verzeichnissen, für den die Überwachung erzwungen werden soll, z. B. \"forceWatch\": [\"/example/directory\"]",

    "sync_idle" : "Inaktiv...",
    "sync_background_start" : "Nächste Synchronisation wird in %d Minuten gestartet...",
    "sync_background_disabled" : "Hintergrundsynchronisation inaktiviert.",
    "sync_invalid_mode" : "Es wurde eine ungültige Modusvariable übergeben.",
    "sync_2way_phase_1" : "Bidirektionale Synchronisation wurde gestartet...Phase 1...",
    "sync_2way_notification" : "Bidirektionale Synchronisation gestartet",
    "sync_push_phase_1" : "Aktualisierte Dateien werden hochgeladen...Phase 1...",
    "sync_push_notification" : "Aktualisierte Dateien werden hochgeladen",
    "sync_pull_phase_1" : "Aktualisierte Dateien werden heruntergeladen...Phase 1...",
    "sync_pull_notification" : "Aktualisierte Dateien werden heruntergeladen",
    "sync_notification_subtitle" : "Warten Sie, bevor Sie weitere Aktualisierungen vornehmen.",
    "sync_phase2" : "Phase 2...",
    "sync_complete" : "Synchronisation abgeschlossen.",
    "sync_complete_subtitle" : "Es können jetzt weitere Dateiänderungen vorgenommen werden.",
    "sync_complete_subtitle2" : "\nDateien werden auf Änderungen hin überwacht...",
    "sync_notification_generic_error" : "Fehler %s beim %s [%s]",
    "sync_notification_multiple_error" : "Mehrere Fehler %s beim %s [%s]",
    "sync_error_command_create" : "create",
    "sync_error_command_delete" : "delete",
    "sync_error_command_update" : "update",
    "sync_error_command_move" : "move",
    "sync_notification_sync_complete" : "Synchronisation abgeschlossen [%s]",
    "sync_notification_upload_complete" : "Upload abgeschlossen [%s]",
    "sync_notification_upload_error" : "Fehler %s beim Hochladen [%s]",
    "sync_notification_download_complete" : "Download abgeschlossen [%s]",
    "sync_notification_delete_complete" : "Löschoperation abgeschlossen [%s]",
    "sync_notification_deletelocal_complete" : "Lokale Datei gelöscht [%s]",
    "sync_notification_merge_complete" : "Zusammenführungskonflikt behoben [%s]",
    "sync_notification_no_update" : "Keine Aktualisierung erforderlich [%s]",
    "sync_notification_merge_conflict" : "Zusammenführungskonflikt [%s]",
    "sync_notification_rename_complete" : "Umbenennungsoperation abgeschlossen",
    "sync_notification_rename_data_complete" : "Umbenennungsoperation abgeschlossen: %s => %s",
    "sync_notification_move_complete" : "Verschiebeoperation abgeschlossen",
    "sync_notification_move_data_complete" : "Verschiebeoperation abgeschlossen: %s => %s",
    "sync_dir_created" : "Verzeichniserstellung abgeschlossen: %s",
    "sync_upload_skip" : "Hochladen der Datei wird wegen eines ausstehenden Zusammenführungskonflikts übersprungen: %s",
    "sync_upload_start" : "Datei wird hochgeladen: %s",
    "sync_upload_complete" : "Dateiupload abgeschlossen: %s",
    "sync_delete_dir_skip" : "Löschen des fernen Verzeichnisses wird wegen eines ausstehenden Zusammenführungskonflikts übersprungen: %s",
    "sync_delete_file_skip" : "Löschen der fernen Datei wird wegen eines ausstehenden Zusammenführungskonflikts übersprungen: %s",
    "sync_delete_dir_complete" : "Löschen des Verzeichnisses abgeschlossen: %s",
    "sync_delete_file_complete" : "Löschen der Datei abgeschlossen: %s",
    "sync_delete_localfile_cancel" : "Das Löschen der lokalen Datei wurde durch eine Abbruchanforderung unterbrochen.",
    "sync_delete_localfile_skip" : "Löschen der lokalen Datei wird wegen eines ausstehenden Zusammenführungskonflikts übersprungen: %s",
    "sync_write_cancel" : "Das Schreiben der lokalen Datei wurde durch eine Abbruchanforderung unterbrochen.",
    "sync_download_complete" : "Dateidownload abgeschlossen: %s",
    "sync_resolve_cancel" : "Behebung des Konflikts durch Abbruchanforderung unterbrochen.",
    "sync_resolve_complete" : "Zusammenführungskonflikt für %s behoben",
    "sync_resolve_unknown_action" : "Unbekannte Aktion: %s",
    "sync_sync_upload_skip" : "Hochladen der Datei %s wird übersprungen",
    "sync_sync_delete_skip" : "Löschen der Datei %s wird übersprungen",
    "sync_sync_download_skip" : "Herunterladen der Datei %s wird übersprungen",
    "sync_merge_help_1" : "Zum Beheben des Konflikts müssen Sie die Dateien zusammenführen. Nach der Zusammenführung benennen Sie '%s' in '%s' um.",
    "sync_merge_help_2" : "Dies bewirkt, dass das System den Konflikt behebt und die Datei hochlädt.",
    "sync_merge_help_deleted_remotely_1" : "Zur Behebung des Konflikts stehen Ihnen zwei Möglichkeiten zur Verfügung:",
    "sync_merge_help_deleted_remotely_2" : "1) Konfliktbehebung durch Löschen - Löschen Sie die Datei auch lokal.",
    "sync_merge_help_deleted_remotely_3" : "   Dies kann durch Umbenennen von '%s' in '%s' erreicht werden.",
    "sync_merge_help_deleted_remotely_4" : "2) Konfliktbehebung mit fernem System - Laden Sie die ferne Datei herunter.",
    "sync_merge_help_deleted_remotely_5" : "   Dies kann durch Umbenennen von '%s' in '%s' erreicht werden.",
    "sync_merge_help_deleted_remotely_6" : "Dies bewirkt, dass das System den Konflikt behebt.",
    "sync_merge_help_deleted_locally_1" : "Zur Behebung des Konflikts stehen Ihnen zwei Möglichkeiten zur Verfügung:",
    "sync_merge_help_deleted_locally_2" : "1) Konfliktbehebung durch Löschen - Löschen Sie die Datei auch lokal.",
    "sync_merge_help_deleted_locally_3" : "   Dies kann durch Umbenennen von '%s' in '%s' erreicht werden.",
    "sync_merge_help_deleted_locally_4" : "2) Konfliktbehebung mit fernem System - Laden Sie die ferne Datei herunter.",
    "sync_merge_help_deleted_locally_5" : "   Dies kann durch Umbenennen von '%s' in '%s' erreicht werden.",
    "sync_merge_help_deleted_locally_6" : "Dies bewirkt, dass das System den Konflikt behebt.",
    "sync_conflict_local_deleted_1" : "Manueller Eingriff für %s erforderlich",
    "sync_conflict_local_deleted_2" : "Die Datei wurde lokal gelöscht und auf dem fernen Server aktualisiert. Es kann nicht bestimmt werden, ob die aktualisierte ferne Datei heruntergeladen oder gelöscht werden muss.",
    "sync_conflict_local_deleted_3" : "Datei wird als %s heruntergeladen",
    "sync_conflict_remote_deleted_1" : "Manueller Eingriff für %s erforderlich",
    "sync_conflict_remote_deleted_2" : "Die Datei wurde auf dem fernen System gelöscht und lokal aktualisiert. Es kann nicht bestimmt werden, ob die aktualisierte Datei hochgeladen oder gelöscht werden muss.",
    "sync_conflict_both_1" : "Manuelle Zusammenführung für %s erforderlich",
    "sync_conflict_both_2" : "Die Datei wurde lokal und auf dem fernen Server aktualisiert.",
    "sync_conflict_both_3" : "Datei wird als %s heruntergeladen",
    "sync_conflict_outstanding" : "Ausstehender Zusammenführungskonflikt für %s",
    "sync_event_add_dir" : "Verzeichniserstellung erkannt: %s",
    "sync_event_add_file" : "Dateierstellung erkannt: %s",
    "sync_event_delete_dir" : "Entfernen eines Verzeichnisses erkannt: %s",
    "sync_event_delete_file" : "Entfernen einer Datei erkannt: %s",
    "sync_event_rename_dir" : "Umbenennung/Verschiebung eines Verzeichnisses erkannt: %s",
    "sync_event_rename_file" : "Umbenennung/Verschiebung einer Datei erkannt: %s",
    "sync_event_change_file" : "Dateiänderung erkannt: %s",
    "sync_rename_skip" : "Umbenennen der lokalen Datei wird wegen eines ausstehenden Zusammenführungskonflikts übersprungen: %s",
    "sync_start_watching" : "Dateien in '%s' werden auf Änderungen hin überwacht...",

    "sync_ignore_rename" : "Das Umbenennen der Datei wird ignoriert, weil die Zieldatei '%s' den Kriterien für eine verdeckte Datei entspricht.",
    "watcher_ignore_delete" : "Das Löschen der Datei wird ignoriert, weil die Zieldatei '%s' den Kriterien für eine verdeckte Datei entspricht.",

    "sync_report" : "Synchronisationsbericht:\nInsgesamt  : %d\nHochgeladen: %d\nHeruntergeladen: %d\nGelöscht   : %d / %d (Lokale/Ferne)\nKonflikte  : %d / %d (behoben)\nKeine Aktion: %d\nFehler     : %d\n",
    "sync_error_happened" : "Während der Synchronisation sind Fehler aufgetreten!"

}

