{
    "program_title" : "HCL Digital Experience File Sync v%s",
    "program_help_1" : "Ovaj pomoćni program sinkronizira WebDAV resursa za HCL Portal temu s lokalnim direktorijom.",
    "program_help_2" : "Ovo omogućuje razvijatelju teme jednostavan rad s datotekama lokalno, uz pomoću vašeg vlastitog favoritnog editora.",
    "program_help_3" : "Datoteke se automatski učitavaju na udaljeni poslužitelj kod lokalnog ažuriranja.",
    "program_help_4" : "Dodatne informacije mogu se pronaći u priključenom readme.txt\n",
    "program_help_5" : "Pomoć za naredbe:\ndxsync.sh <options> <command>\n",
    "program_help_6" : "Dostupne naredbe:",
    "program_help_7" : "init\n    inicijalizira temu unutar trenutnog lokalnog direktorija",
    "program_help_8" : "run\n    izvodi dvosmjernu sinkronizaciju i održava akrivnost procesa u pozadini radi motrenja promjena na datotekama",
    "program_help_9" : "pull\n    uzrokuje da jednosmjerna sinkronizacija preuzme sve ažurirane datoteke iz udaljenog sistema",
    "program_help_10" : "push\n    uzrokuje da jednosmjerna sinkronizacija preda sve ažurirane datoteke (i pregazi udaljeno napravljene promjene) na udaljenom sistemu\n",
    "program_help_11" : "Dostupne opcije:",
    "program_help_12" : "--debug\n    omogućuje debug način s defaultima (razina: finer, sve metode i datoteke)",
    "program_help_13" : "--debug-finest\n    postavlja razinu praćenja na najfiniju\n",
    "log_file_location" : "Datoteka dnevnika se piše u %s/.dxsync.log",
    "log_file_location2" : "Datoteka dnevnika se može pronaći ovdje: %s",
    "sigint" : "Prekid procesa. Doviđenja.",
    "uncaught_exception" : "Neuhvaćen izuzetak",
    "unrecognized_command" : "Neprepoznata naredba: %s",
    "unrecognized_option" : "Neprepoznata opcija: %s",
    "too_many_commands" : "Previše naredbi: %s",
    "setup_1" : "S ovom naredbom kreirate novu točku sinkronizacije u ",
    "setup_2" : "trenutnom direktoriju '%s'.\n",
    "setup_3" : "Molim, slijedite promptove za povezivanje na udaljenu instancu HCL Portala.",
    "setup_connecting" : "Povezivanje s udaljenim poslužiteljem...",
    "setup_themes_found" : "Nađene su sljedeće teme. Molim, izaberite s kojom se želite povezati:",
    "setup_theme_desc" : "Unesite broj između 1 i %d",
    "setup_theme_exists" : "Interrupting setup process as your synchronization point is already connected to a theme. If you wish to synchronize another theme please create a new directory and start the setup process there, or copy the .settings file manually.",
    "list_themes" : "Dohvaćanje tema iz %s",
    "list_themes_none" : "Teme nisu nađene na ciljnom poslužitelju.",
    "setup_abort" : "Inicijalizacija se prekida.",
    "setup_success1" : "Uspješno postavljena sinkronizacija tema.",
    "setup_success2" : "Spremni ste za izvođenje sinkronizacije s 'run' naredbom.",
    "print_config" : "Konfiguracija:",
    "error_loading_config" : "Ne mogu se učitati dxsync postavke u ovaj direktorij. Prvo izvedite 'dxsync.sh init'.",
    "error_host" : "Ne može se povezati na host.",
    "error_refused" : "Povezivanje je odbijeno.",
    "error_not_found" : "Zatražena stavka nije nađena.",
    "error_unauthorized" : "Neautorizirano. Pogrešno korisničko ime ili lozinka.",

    "config_section_basic" : "Osnovni",
    "config_section_advanced" : "Napredno",
    "config_host_desc" : "Host ime",
    "config_user_desc" : "Ime korisnika",
    "config_pass_desc" : "Lozinka",
    "config_contenthandler_desc" : "Staza do servleta rukovatelja sadržajem",
    "config_port_desc" : "Port",
    "config_theme_desc" : "Tema",
    "config_syncinterval_desc" : "Interval u minutama za sinkronizaciju u pozadini",
    "config_connections_desc" : "Broj istodobnih udaljenih veza",
    "config_filter_desc" : "Regularni izraz za zanemarivanje datoteka",

    "webdav_request_canceled" : "WebDAV zahtjev prekinut zbog opoziva.",
    "webdav_retry_success" : "Uspješno riješen problem pronađen ranije za '%s' nakon %s pokušaja.",
    "webdav_invalid_url" : "Pogrešan URL (%s) - ne može se pronaćo shema",

    "watcher_restart" : "Ponovno pokreni Theme Sync! (rename naredba nije uspjela za %s)",
    "watcher_restart2" : "Ponovno pokreni Theme Sync! (ne može se pronaći rukovatelj po stazi # 1? %s)",
    "watcher_restart3" : "Ponovno pokreni Theme Sync! (ne može se pronaći rukovatelj po stazi # 2? %s)",
    "watcher_stateexception" : "UnknownStateException:\npath: %s\nwatchedPath: %\nstartDir: %s",
    "watcher_windows_1" : "Zbog ograničenja platforme na Windows (rukovanje hvatištima kod Open file) brisanje direktorija nije podržano za vrijeme promatranja datoteka.",
    "watcher_windows_2" : "Da biste izbrisali folder tijekom promatranja koristiti drugi operativni sistem, kao npr. OSX ili Linux. Na Windows, molim zaustavite nadgledanje, izbrišite folder i onda ponovno pokrenite proces.\n",
    "watcher_unable_1" : "Ne mogu se promatrati datoteke zbog nedostatka modula pathwatcher. Instalirajte modul iz izvora bez oznaka --use-pre-compiled.",
    "watcher_unable_2" : "Molim dajte povratne informacije autoru ovog modula o nedostatku predkompiliranih zavisnosti.",
    "watcher_unable_3" : "Informacije o vašem sistemu: %s (Platforma) / %s (Arhitektura)\n",
    "watcher_win_toomany_folders" : "Ne može se promatrati direktorij '%s' zbog nerazriješene pogreške u komponenti prereq.\nPogledajte  https://github.com/atom/node-pathwatcher/issues/70 za više informacija.",
    "watcher_win_toomany_folders_start" : "Ne mogu se promatrati sljedeći direktoriji zbog nerazriješene pogreške u komponenti prereq.\nPogledajte  https://github.com/atom/node-pathwatcher/issues/70 za više informacija.",
    "watcher_forcewatch_info" : "Ako je potrebno promatrati bilo koji od gornjih direktorija u odnosu na ostale, možete koristiti postavku 'forceWatch'. Jednostavno dodajte element forceWatch u datoteku postavki koja se nalazi u %s. Vrijednost je polje direktorija za forsiranje promatranja. Primjer: \"forceWatch\": [\"/example/directory\"]",

    "sync_idle" : "Mirovanje...",
    "sync_background_start" : "Pokreće se sljedeća sinkronizacija za %d minuta...",
    "sync_background_disabled" : "Sinkronizacija u pozadini onemogućena.",
    "sync_invalid_mode" : "Predana je varijabla pogrešnog načina rada.",
    "sync_2way_phase_1" : "Pokrenuta je dvosmjerna sinkronizacija... Faza 1...",
    "sync_2way_notification" : "Pokrenuta je dvosmjerna sinkronizacija",
    "sync_push_phase_1" : "Predavanje ažuriranih datoteka... Faza 1... ",
    "sync_push_notification" : "Predavanje ažuriranih datoteka",
    "sync_pull_phase_1" : "Preuzimanje ažuriranih datoteka... Faza 1...",
    "sync_pull_notification" : "Preuzimanje ažuriranih datoteka",
    "sync_notification_subtitle" : "Molim čekajte prije daljnjih ažuriranja.",
    "sync_phase2" : "Faza 2...",
    "sync_complete" : "Sinkronizacija je dovršena.",
    "sync_complete_subtitle" : "Sada se ponovno mogu mijenjati datoteke.",
    "sync_complete_subtitle2" : "\nPromatranje datoteka radi promjena...",
    "sync_notification_generic_error" : "Greška %s kod pokušaja %s [%s]",
    "sync_notification_multiple_error" : "Više grešaka %s pokušaja %s [%s]",
    "sync_error_command_create" : "kreiraj",
    "sync_error_command_delete" : "izbriši",
    "sync_error_command_update" : "ažuriraj",
    "sync_error_command_move" : "pomakni",
    "sync_notification_sync_complete" : "Sinkronizacija je dovršena [%s]",
    "sync_notification_upload_complete" : "Predavanje je dovršeno [%s]",
    "sync_notification_upload_error" : "Greška %s kod predavanja [%s]",
    "sync_notification_download_complete" : "Preuzimanje je dovršeno [%s]",
    "sync_notification_delete_complete" : "Brisanje je dovršeno [%s]",
    "sync_notification_deletelocal_complete" : "Izbrisana je lokalna datoteka [%s]",
    "sync_notification_merge_complete" : "Riješen sukob spajanja [%s]",
    "sync_notification_no_update" : "Ažuriranje nije potrebno [%s]",
    "sync_notification_merge_conflict" : "Sukob spajanja [%s]",
    "sync_notification_rename_complete" : "Preimenovanje je dovršeno",
    "sync_notification_rename_data_complete" : "Preimenovanje je dovršeno: %s => %s",
    "sync_notification_move_complete" : "Premještanje je dovršeno",
    "sync_notification_move_data_complete" : "Premještanje je dovršeno: %s => %s",
    "sync_dir_created" : "Kreiranje direktorija je dovršeno: %s",
    "sync_upload_skip" : "Preskače se predavanje datoteke zbog neriješenog sukoba spajanja: %s",
    "sync_upload_start" : "Predavanje datoteke: %s",
    "sync_upload_complete" : "Predavanje datoteke je dovršeno: %s",
    "sync_delete_dir_skip" : "Preskače se brisanje udaljenog direktorija zbog neriješenog sukoba spajanja: %s",
    "sync_delete_file_skip" : "Preskače se brisanje udaljene datoteke zbog neriješenog sukoba spajanja: %s",
    "sync_delete_dir_complete" : "Brisanje direktorija je dovršeno: %s",
    "sync_delete_file_complete" : "Brisanje datoteke je dovršeno: %s",
    "sync_delete_localfile_cancel" : "Lokalno brisanje datoteke je prekinuto zbog opoziva.",
    "sync_delete_localfile_skip" : "Preskače se brisanje lokalne datoteke zbog neriješenog sukoba spajanja: %s",
    "sync_write_cancel" : "Lokalno pisanje datoteke je prekinuto zbog opoziva.",
    "sync_download_complete" : "Preuzimanje datoteke je dovršeno: %s",
    "sync_resolve_cancel" : "Riješite sukob prekinut zbog opoziva zahtjeva.",
    "sync_resolve_complete" : "Riješen sukob spajanja za [%s]",
    "sync_resolve_unknown_action" : "Nepoznata akcija %s",
    "sync_sync_upload_skip" : "Preskače se predavanje datoteke %s",
    "sync_sync_delete_skip" : "Preskače se brisanja datoteke %s",
    "sync_sync_download_skip" : "Preskače se preuzimanje datoteke %s",
    "sync_merge_help_1" : "Radi rješavanja sukoba molim spojite datoteke. Nakon spajanja, preimenujte '%s' u '%s'.",
    "sync_merge_help_2" : "To će uzrokovati da sistem riješi sukob i preda riješenu datoteku.",
    "sync_merge_help_deleted_remotely_1" : "Za rješavanje sukoba, imate dvije opcije:",
    "sync_merge_help_deleted_remotely_2" : "1) Rješenje putem brisanja - briše se i lokalna datoteka.",
    "sync_merge_help_deleted_remotely_3" : "   To se može postići s preimenovanjem '%s' u '%s'.",
    "sync_merge_help_deleted_remotely_4" : "2) Rješenje pomoću udaljene datoteke - preuzima se udaljena datoteka.",
    "sync_merge_help_deleted_remotely_5" : "   To se može postići s preimenovanjem '%s' u '%s'.",
    "sync_merge_help_deleted_remotely_6" : "To će uzrokovati da sistem riješi sukob.",
    "sync_merge_help_deleted_locally_1" : "Za rješavanje sukoba, imate dvije opcije:",
    "sync_merge_help_deleted_locally_2" : "1) Rješenje putem brisanja - briše se i lokalna datoteka.",
    "sync_merge_help_deleted_locally_3" : "   To se može postići s preimenovanjem '%s' u '%s'.",
    "sync_merge_help_deleted_locally_4" : "2) Rješenje pomoću udaljene datoteke - preuzima se udaljena datoteka.",
    "sync_merge_help_deleted_locally_5" : "   To se može postići s preimenovanjem '%s' u '%s'.",
    "sync_merge_help_deleted_locally_6" : "To će uzrokovati da sistem riješi sukob.",
    "sync_conflict_local_deleted_1" : "Ručna intervencija je potrebna za %s",
    "sync_conflict_local_deleted_2" : "Datoteka je lokalno izbrisana i ažurirana na udaljenom poslužitelju. Ne može se utvrditi da li preuzeti ažuriranu udaljenu datoteku ili ju izbrisati.",
    "sync_conflict_local_deleted_3" : "Preuzimanje datoteke kao %s",
    "sync_conflict_remote_deleted_1" : "Ručna intervencija je potrebna za %s",
    "sync_conflict_remote_deleted_2" : "Datoteka je izbrisana daljinski i ažurirana lokalno. Ne može se utvrditi da li predati ažuriranu datoteku ili ju izbrisati.",
    "sync_conflict_both_1" : "Ručno spajanje je potrebno za %s",
    "sync_conflict_both_2" : "Datoteka je ažurirana lokalno i na udaljenom poslužitelju. ",
    "sync_conflict_both_3" : "Preuzimanje datoteke kao %s",
    "sync_conflict_outstanding" : "Nerazriješeni sukob spajanja za %s",
    "sync_event_add_dir" : "Prepoznato kreiranje direktorija: %s",
    "sync_event_add_file" : "Prepoznato kreiranje datoteke: %s",
    "sync_event_delete_dir" : "Prepoznato uklanjanje direktorija: %s",
    "sync_event_delete_file" : "Prepoznato uklanjanje datoteke: %s",
    "sync_event_rename_dir" : "Prepoznato preimenovanje/premještanje direktorija: %s",
    "sync_event_rename_file" : "Prepoznato preimenovanje/premještanje datoteke: %s",
    "sync_event_change_file" : "Prepoznata promjena datoteke: %s",
    "sync_rename_skip" : "Preskače se preimenovanje lokalne datoteke zbog neriješenog sukoba spajanja: %s",
    "sync_start_watching" : "Promatranje datoteka u '%s' radi promjena...",

    "sync_report" : "Izvještaj sinkronizacije:\nUkupno     : %d\nPredano    : %d\nPreuzeto   : %d\nIzbrisano  : %d / %d (Lokalni/Udaljeni)\nSukobi     : %d / %d (Riješeno)\nNema akcije: %d\nGreške     : %d\n",
    "sync_error_happened" : "Pojavile su se greške tijekom sinkronizacije!"

}

