{
    "program_title" : "HCL Digital Experience File Sync v%s",
    "program_help_1" : "このユーティリティーは、HCL Portal テーマの WebDAV リソースをローカル・ディレクトリーと同期します。",
    "program_help_2" : "これにより、テーマ開発者は、お気に入りのエディターを使用して、これらのファイルに対する作業をローカルで簡単に行うことができます。",
    "program_help_3" : "ローカルで更新すると、ファイルが自動的にリモート・サーバーにアップロードされます。",
    "program_help_4" : "詳しい情報は、添付の readme.txtで確認できます。\n",
    "program_help_5" : "コマンド・ヘルプ:\ndxsync.sh <options> <command>\n",
    "program_help_6" : "使用可能なコマンド:",
    "program_help_7" : "init\n    現在のローカル・ディレクトリー内のテーマを初期化します",
    "program_help_8" : "run\n    双方向の同期を実行し、ファイル変更がないかを監視するためにバックグラウンドでプロセスをアクティブなままにしておきます",
    "program_help_9" : "pull\n    すべての更新ファイルをリモート・システムからダウンロードするために、片方向の同期を行います",
    "program_help_10" : "push\n    すべての更新ファイルをリモート・システムにアップロードする (リモートの変更を上書きする) ために、片方向の同期を行います\n",
    "program_help_11" : "使用可能なオプション:",
    "program_help_12" : "--debug\n    デフォルト値を使用してデバイス・モードを有効にします (レベル: 高、すべてのメソッドとファイル)",
    "program_help_13" : "--debug-finest\n    トレース・レベルを最高に設定します\n",
    "log_file_location" : "ログ・ファイルが %s/.dxsync.log に書き込まれます",
    "log_file_location2" : "ログ・ファイルの場所: %s",
    "sigint" : "処理を中断しています。 終了します。",
    "uncaught_exception" : "キャッチされていない例外",
    "unrecognized_command" : "認識されていないコマンド: %s",
    "unrecognized_option" : "認識されていないオプション: %s",
    "too_many_commands" : "コマンドが多すぎます: %s",
    "setup_1" : "このコマンドを使用して、新規テーマの同期点を以下の場所に作成します",
    "setup_2" : "現在のディレクトリー '%s'。\n",
    "setup_3" : "プロンプトに従って、リモートの HCL Portal インスタンスに接続してください。",
    "setup_connecting" : "リモート・サーバーに接続中...",
    "setup_themes_found" : "次のテーマが見つかりました。 接続先のテーマを選択してください。",
    "setup_theme_desc" : "1 から %d の間の数を入力してください",
    "list_themes" : "%s からテーマを取り出し中",
    "list_themes_none" : "ターゲット・サーバー上にテーマが見つかりません。",
    "setup_abort" : "初期化を中止しています。",
    "setup_success1" : "テーマ同期が正常にセットアップされました。",
    "setup_success2" : "「run」コマンドを使用して同期を実行する準備ができました。",
    "print_config" : "構成:",
    "error_loading_config" : "dxsync 設定をこのディレクトリーにロードできません。 最初に 'dxsync.sh init' を実行してください。",
    "error_host" : "ホストに接続できません。",
    "error_refused" : "接続が拒否されました。",
    "error_not_found" : "要求された項目が見つかりません。",
    "error_unauthorized" : "許可されていません。誤ったユーザー名またはパスワードです。",
    "error_wrong_protocol" : "プロトコルが誤っています。これは通常、サーバーへの接続時に誤ったポートを使用した場合に起こります。例えば、非セキュアな (http) ポートがセキュアな場所 (https URL) に対して使用された場合などです。",
    "error_connection_reset" : "接続がリセットされました。これは通常、サーバーへの接続時に誤ったポートを使用した場合に起こります。例えば、セキュアな (https) ポートが非セキュアな場所 (http URL) に対して使用された場合などです。",
    "error_probably_no_tai" : "リモート・システムでの認証ができません。基本認証 TAI (トラスト・アソシエーション・インターセプター) がターゲット・ホストで無効になっている可能性があります。これを有効にする方法については、DXSync 資料を参照してください。",

    "config_section_basic" : "基本",
    "config_section_advanced" : "拡張",
    "config_host_desc" : "ホスト名",
    "config_user_desc" : "ユーザー名",
    "config_pass_desc" : "パスワード",
    "config_contenthandler_desc" : "コンテンツ・ハンドラー・サーブレットへのパス",
    "config_port_desc" : "ポート",
    "config_theme_desc" : "テーマ",
    "config_syncinterval_desc" : "バックグラウンド同期の間隔 (分)",
    "config_connections_desc" : "同時リモート接続の数",
    "config_filter_desc" : "ファイルを無視するための正規表現",
    "config_secure_desc" : "セキュア接続 (https)?",

    "webdav_request_canceled" : "キャンセル要求により WebDAV 要求が中断されました。",
    "webdav_retry_success" : "「%s」について以前に見つかった問題は、%s 回の試行後に正常に解決されました。",
    "webdav_invalid_url" : "無効な URL (%s) - スキーマを見つけられません",

    "watcher_restart" : "テーマ同期を再開します。 (%s に対する名前変更コマンドが失敗しました)",
    "watcher_restart2" : "テーマ同期を再開します。 (パス #1 ? %s でハンドラーが見つかりませんでした)",
    "watcher_restart3" : "テーマ同期を再開します。 (パス #2 ? %s でハンドラーが見つかりませんでした)",
    "watcher_stateexception" : "UnknownStateException:\npath: %s\nwatchedPath: %\nstartDir: %s",
    "watcher_windows_1" : "Windows のプラットフォーム制限 (オープン・ファイル・ハンドルの処理) のため、ファイルの監視中にディレクトリーを削除することはサポートされません。",
    "watcher_windows_2" : "監視中にフォルダーを削除するには、別のオペレーティング・システム (OSX や Linux など) を使用してください。Windows 上で、監視を停止し、当該フォルダーを削除してから、プロセスを再起動してください。\n",
    "watcher_unable_1" : "パス監視モジュールがないため、ファイルを監視できません。 --use-pre-compiled フラグを指定せずに、ソースからモジュールをインストールしてください。",
    "watcher_unable_2" : "プリコンパイルされた依存関係が欠落していることについて、このモジュールの作成者にフィードバックしてください。",
    "watcher_unable_3" : "システム情報: %s (プラットフォーム) / %s (アーキテクチャー)\n",
    "watcher_win_toomany_folders" : "前提条件コンポーネントの未解決のバグが原因で、ディレクトリー '%s' を監視できません。\n詳しくは、https://github.com/atom/node-pathwatcher/issues/70 を参照してください。",
    "watcher_win_toomany_folders_start" : "前提条件コンポーネントの未解決のバグが原因で、以下のディレクトリーを監視できません。\n詳しくは、https://github.com/atom/node-pathwatcher/issues/70 を参照してください。",
    "watcher_forcewatch_info" : "他を優先して上記のいずれかのディレクトリーを監視する必要がある場合は、設定「forceWatch」を使用できます。%s にある設定ファイルに forceWatch エレメントを追加するだけです。値は、強制監視するディレクトリーの配列です。例: \"forceWatch\": [\"/example/directory\"]",

    "sync_idle" : "アイドル...",
    "sync_background_start" : "%d 分以内に次の同期を開始します...",
    "sync_background_disabled" : "バックグラウンド同期が無効になっています。",
    "sync_invalid_mode" : "無効なモード変数が渡されました。",
    "sync_2way_phase_1" : "双方向同期を開始しました... フェーズ 1...",
    "sync_2way_notification" : "双方向同期を開始しました",
    "sync_push_phase_1" : "更新ファイルのアップロード中... フェーズ 1...",
    "sync_push_notification" : "更新ファイルのアップロード中",
    "sync_pull_phase_1" : "更新ファイルのダウンロード中... フェーズ 1...",
    "sync_pull_notification" : "更新ファイルのダウンロード中",
    "sync_notification_subtitle" : "しばらく待ってから、次の更新を行ってください。",
    "sync_phase2" : "フェーズ 2...",
    "sync_complete" : "同期が完了しました。",
    "sync_complete_subtitle" : "再度のファイル更新を安全に行うことができます。",
    "sync_complete_subtitle2" : "\nファイルの変更を監視中...",
    "sync_notification_generic_error" : "エラー %s が %s の試行中に発生しました [%s]",
    "sync_notification_multiple_error" : "複数のエラー %s が %s の試行中に発生しました [%s]",
    "sync_error_command_create" : "作成",
    "sync_error_command_delete" : "削除",
    "sync_error_command_update" : "更新",
    "sync_error_command_move" : "移動",
    "sync_notification_sync_complete" : "同期が完了しました [%s]",
    "sync_notification_upload_complete" : "アップロードが完了しました [%s]",
    "sync_notification_upload_error" : "[%s] のアップロード中に %s が発生しました",
    "sync_notification_download_complete" : "ダウンロードが完了しました [%s]",
    "sync_notification_delete_complete" : "削除が完了しました [%s]",
    "sync_notification_deletelocal_complete" : "ローカル・ファイル [%s] を削除しました",
    "sync_notification_merge_complete" : "マージ競合が解決されました [%s]",
    "sync_notification_no_update" : "更新は不要です [%s]",
    "sync_notification_merge_conflict" : "マージ競合 [%s]",
    "sync_notification_rename_complete" : "名前変更が完了しました",
    "sync_notification_rename_data_complete" : "名前変更が完了しました: %s => %s",
    "sync_notification_move_complete" : "移動が完了しました",
    "sync_notification_move_data_complete" : "移動が完了しました: %s => %s",
    "sync_dir_created" : "ディレクトリー作成完了: %s",
    "sync_upload_skip" : "未解決のマージ競合があるため、ファイルのアップロードをスキップします: %s",
    "sync_upload_start" : "ファイルのアップロード中: %s",
    "sync_upload_complete" : "ファイル・アップロード完了: %s",
    "sync_delete_dir_skip" : "未解決のマージ競合があるため、リモート・ディレクトリーの削除をスキップします: %s",
    "sync_delete_file_skip" : "未解決のマージ競合があるため、リモート・ファイルの削除をスキップします: %s",
    "sync_delete_dir_complete" : "ディレクトリー削除完了: %s",
    "sync_delete_file_complete" : "ファイル削除完了: %s",
    "sync_delete_localfile_cancel" : "キャンセル要求によりローカル・ファイルの削除が中断されました。",
    "sync_delete_localfile_skip" : "未解決のマージ競合があるため、ローカル・ファイルの削除をスキップします: %s",
    "sync_write_cancel" : "キャンセル要求によりローカル・ファイルの書き込みが中断されました。",
    "sync_download_complete" : "ファイル・ダウンロード完了: %s",
    "sync_resolve_cancel" : "キャンセル要求により競合の解決が中断されました。",
    "sync_resolve_complete" : "%s のマージ競合が解決されました",
    "sync_resolve_unknown_action" : "不明なアクション %s",
    "sync_sync_upload_skip" : "ファイル %s のアップロードをスキップ中",
    "sync_sync_delete_skip" : "ファイル %s の削除をスキップ中",
    "sync_sync_download_skip" : "ファイル %s のダウンロードをスキップ中",
    "sync_merge_help_1" : "競合を解決するために、ファイルをマージしてください。マージ後に、 '%s' を '%s' に名前変更してください。",
    "sync_merge_help_2" : "この結果、システムにより競合が解決され、解決されたファイルがアップロードされます。",
    "sync_merge_help_deleted_remotely_1" : "競合を解決するために、以下の 2 つの選択肢があります。",
    "sync_merge_help_deleted_remotely_2" : "1) 削除により解決 -ローカル・ファイルも削除されます。",
    "sync_merge_help_deleted_remotely_3" : "   これは、'%s' を '%s' に名前変更することにより実行できます。",
    "sync_merge_help_deleted_remotely_4" : "2) リモートにより解決 - リモート・ファイルをダウンロードします。",
    "sync_merge_help_deleted_remotely_5" : "   これは、'%s' を '%s' に名前変更することにより実行できます。",
    "sync_merge_help_deleted_remotely_6" : "この結果、システムにより競合が解決されます。",
    "sync_merge_help_deleted_locally_1" : "競合を解決するために、以下の 2 つの選択肢があります。",
    "sync_merge_help_deleted_locally_2" : "1) 削除により解決 -ローカル・ファイルも削除されます。",
    "sync_merge_help_deleted_locally_3" : "   これは、'%s' を '%s' に名前変更することにより実行できます。",
    "sync_merge_help_deleted_locally_4" : "2) リモートにより解決 - リモート・ファイルをダウンロードします。",
    "sync_merge_help_deleted_locally_5" : "   これは、'%s' を '%s' に名前変更することにより実行できます。",
    "sync_merge_help_deleted_locally_6" : "この結果、システムにより競合が解決されます。",
    "sync_conflict_local_deleted_1" : "%s には手動による介入が必要です",
    "sync_conflict_local_deleted_2" : "ファイルはローカルで削除され、リモート・サーバーで更新されました。 更新されたリモート・ファイルをダウンロードすべきか削除すべきかを判別できません。",
    "sync_conflict_local_deleted_3" : "ファイルを %s としてダウンロード中",
    "sync_conflict_remote_deleted_1" : "%s には手動による介入が必要です",
    "sync_conflict_remote_deleted_2" : "ファイルはリモートで削除され、ローカルで更新されました。 更新ファイルをアップロードすべきか削除すべきかを判別できません。",
    "sync_conflict_both_1" : "%s の手動マージが必要です",
    "sync_conflict_both_2" : "ファイルはローカルで更新され、リモート・サーバーに置かれています。",
    "sync_conflict_both_3" : "ファイルを %s としてダウンロード中",
    "sync_conflict_outstanding" : "%s に未解決のマージ競合があります",
    "sync_event_add_dir" : "ディレクトリー作成を認識しました: %s",
    "sync_event_add_file" : "ファイル作成を認識しました: %s",
    "sync_event_delete_dir" : "ディレクトリー削除を認識しました: %s",
    "sync_event_delete_file" : "ファイル削除を認識しました: %s",
    "sync_event_rename_dir" : "ディレクトリー名前変更/移動を認識しました: %s",
    "sync_event_rename_file" : "ファイル名前変更/移動を認識しました: %s",
    "sync_event_change_file" : "ファイル変更を認識しました: %s",
    "sync_rename_skip" : "未解決のマージ競合があるため、ローカル・ファイルの名前変更をスキップします: %s",
    "sync_start_watching" : "'%s' 内のファイルの変更を監視中...",

    "sync_ignore_rename" : "ターゲット・ファイル '%s' が非表示ファイルの基準を満たしているため、ファイルの名前変更を無視しています。",
    "watcher_ignore_delete" : "ターゲット・ファイル '%s' が非表示ファイルの基準を満たしているため、ファイルの削除を無視しています。",

    "sync_report" : "同期レポート:\n合計      : %d\nアップロード   : %d\nダウンロード : %d\n削除    : %d / %d (ローカル/リモート)\n競合  : %d / %d (解決済み)\nアクションなし  : %d\nエラー     : %d\n",
    "sync_error_happened" : "同期中にエラーが発生しました。"

}

