{
    "program_title" : "HCL Digital Experience File Sync v%s",
    "program_help_1" : "Dette verktøyet synkroniserer WebDAV-ressurser for et HCL Portal-tema med en lokal katalog.",
    "program_help_2" : "Slik kan en temautvikler enkelt arbeide med filene lokalt i sitt foretrukne redigeringsprogram.",
    "program_help_3" : "Filer blir automatisk lastet opp til den eksterne serveren når de er oppdatert lokalt.",
    "program_help_4" : "Du finner mer informasjon i filen readme.txt\n",
    "program_help_5" : "Kommandohjelp:\ndxsync.sh <options> <command>\n",
    "program_help_6" : "Tilgjengelige kommandoer:",
    "program_help_7" : "init\n    Initialiserer et tema i gjeldende lokal katalog",
    "program_help_8" : "run\n    Kjører en toveissynkronisering og beholder prosessen aktiv i bakgrunnen for overvåking av filendringer",
    "program_help_9" : "pull\n    Kjører en enveissynkronisering for nedlasting av alle oppdaterte filer fra det eksterne systemet",
    "program_help_10" : "push\n    Kjører en enveissynkronisering for opplasting av alle oppdaterte filer (overskriver eksterne endringer) på det eksterne systemet\n",
    "program_help_11" : "Tilgjengelige parametere:",
    "program_help_12" : "--debug\n    Aktiverer feilsøkingsmodus med standardverdier (nivå: finer, alle metoder og filer)",
    "program_help_13" : "--debug-finest\n    Setter sporingsnivået til finest\n",
    "log_file_location" : "Loggfilen skrives til %s/.dxsync.log",
    "log_file_location2" : "Du finner loggfilen her: %s",
    "sigint" : "Avbryter prosess. Farvel.",
    "uncaught_exception" : "Uoppfanget unntak",
    "unrecognized_command" : "Ukjent kommando: %s",
    "unrecognized_option" : "Ukjent parameter: %s",
    "too_many_commands" : "For mange kommandoer: %s",
    "setup_1" : "Med denne kommandoen oppretter du et nytt temasynkroniseringspunkt i",
    "setup_2" : "gjeldende katalog '%s'.\n",
    "setup_3" : "Følg ledetekstene for tilkobling til den eksterne HCL Portal-forekomsten.",
    "setup_connecting" : "Kobler til den eksterne serveren...",
    "setup_themes_found" : "Følgende temaer ble funnet. Velg hvilket du vil koble deg til:",
    "setup_theme_desc" : "Oppgi et tall mellom 1 og %d",
    "setup_theme_exists" : "Interrupting setup process as your synchronization point is already connected to a theme. If you wish to synchronize another theme please create a new directory and start the setup process there, or copy the .settings file manually.",
    "list_themes" : "Henter temaer fra %s",
    "list_themes_none" : "Det ble ikke funnet noen temaer på målserveren.",
    "setup_abort" : "Avbryter initialisering.",
    "setup_success1" : "Vellykket konfigurering av temasynkronisering.",
    "setup_success2" : "Du er klar til å utføre synkroniseringen med kommandoen 'run'.",
    "print_config" : "Konfigurasjon:",
    "error_loading_config" : "Kan ikke laste inn dxsync-innstillinger i denne katalogen. Kjør 'dxsync.sh init' først.",
    "error_host" : "Kan ikke koble til verten.",
    "error_refused" : "Tilkobling nektet.",
    "error_not_found" : "Forespurt element ikke funnet.",
    "error_unauthorized" : "Uautorisert. Feil brukernavn eller passord.",

    "config_section_basic" : "Grunnleggende",
    "config_section_advanced" : "Avansert",
    "config_host_desc" : "Vertsnavn",
    "config_user_desc" : "Brukernavn",
    "config_pass_desc" : "Passord",
    "config_contenthandler_desc" : "Bane til innholdsbehandlerservletten",
    "config_port_desc" : "Port",
    "config_theme_desc" : "Tema",
    "config_syncinterval_desc" : "Intervall i minutter for bakgrunnssynkroniseringen",
    "config_connections_desc" : "Antall samtidige eksterne tilkoblinger",
    "config_filter_desc" : "Regulært uttrykk for å ignorere filer",

    "webdav_request_canceled" : "WebDAV-forespørsel avbrutt på grunn av avbrutt forespørsel.",
    "webdav_retry_success" : "Vellykket løsning av problem funnet tidligere for '%s' etter %s forsøk.",
    "webdav_invalid_url" : "Ugyldig URL (%s) - finner ikke skjema",

    "watcher_restart" : "Omstart av temasynkronisering! (rename-kommando mislyktes for %s)",
    "watcher_restart2" : "Omstart av temasynkronisering! (finner ikke behandler i banen #1 ? %s)",
    "watcher_restart3" : "Omstart av temasynkronisering! (finner ikke behandler i banen #2 ? %s)",
    "watcher_stateexception" : "UnknownStateException:\npath: %s\nwatchedPath: %\nstartDir: %s",
    "watcher_windows_1" : "På grunn av plattformbegrensninger i Windows (behandling av referanse til åpen fil) støttes ikke sletting av kataloger mens filer overvåkes.",
    "watcher_windows_2" : "Bruk et annet operativsystem som OSX eller Linux hvis du vil kunne slette en mappe mens filer overvåkes. På Windows må du slutte å overvåke, slette mappen, og deretter starte prosessen på nytt.\n",
    "watcher_unable_1" : "Kan ikke overvåke filer på grunn av manglende pathwatcher-modul. Installer modulen fra kilden uten --use-pre-compiled-flagget.",
    "watcher_unable_2" : "Gi tilbakemelding til opphavspersonen for denne modulen, om manglende forhåndskompilerte avhengigheter.",
    "watcher_unable_3" : "Din systeminformasjon: %s (plattform) / %s (arkitektur)\n",
    "watcher_win_toomany_folders" : "Kan ikke overvåke katalogen '%s' på grunn av en uløst programfeil i en prereq-komponent.\nSe https://github.com/atom/node-pathwatcher/issues/70 hvis du ønsker mer informasjon.",
    "watcher_win_toomany_folders_start" : "Kan ikke overvåke følgende kataloger på grunn av en uløst programfeil i en prereq-komponent.\nSe https://github.com/atom/node-pathwatcher/issues/70 hvis du ønsker mer informasjon.",
    "watcher_forcewatch_info" : "Hvis du trenger å overvåke noen av katalogene ovenfor fremfor andre, kan du bruke innstillingen 'forceWatch'. Legg til forceWatch-elementet i innstillingsfilen som finnes i %s. Verdien er en oppstilling av kataloger som overvåking skal gjennomføres for. Eksempel: \"forceWatch\": [\"/eksempel/katalog\"]",

    "sync_idle" : "Uvirksom...",
    "sync_background_start" : "Starter neste synkronisering om %d minutter...",
    "sync_background_disabled" : "Bakgrunnssynkronisering deaktivert.",
    "sync_invalid_mode" : "Ugyldig mode-variabel sendt.",
    "sync_2way_phase_1" : "Startet toveissynkronisering... Fase 1...",
    "sync_2way_notification" : "Toveissynkronisering startet",
    "sync_push_phase_1" : "Laster opp oppdaterte filer... Fase 1...",
    "sync_push_notification" : "Laster opp oppdaterte filer",
    "sync_pull_phase_1" : "Laster ned oppdaterte filer... Fase 1...",
    "sync_pull_notification" : "Laster ned oppdaterte filer",
    "sync_notification_subtitle" : "Vent litt før du utfører flere oppdateringer.",
    "sync_phase2" : "Fase 2...",
    "sync_complete" : "Synkronisering fullført.",
    "sync_complete_subtitle" : "Det er trygt å utføre filendringer igjen.",
    "sync_complete_subtitle2" : "\nOvervåker filer for endringer...",
    "sync_notification_generic_error" : "Feil %s ved forsøk på %s [%s]",
    "sync_notification_multiple_error" : "Flere feil %s ved forsøk på %s [%s]",
    "sync_error_command_create" : "create",
    "sync_error_command_delete" : "delete",
    "sync_error_command_update" : "update",
    "sync_error_command_move" : "move",
    "sync_notification_sync_complete" : "Synkronisering fullført [%s]",
    "sync_notification_upload_complete" : "Opplasting fullført [%s]",
    "sync_notification_upload_error" : "Feil %s ved opplasting [%s]",
    "sync_notification_download_complete" : "Nedlasting fullført [%s]",
    "sync_notification_delete_complete" : "Sletting fullført [%s]",
    "sync_notification_deletelocal_complete" : "Slettet lokal fil [%s]",
    "sync_notification_merge_complete" : "Samkjøringskonflikt løst [%s]",
    "sync_notification_no_update" : "Ingen oppdatering nødvendig [%s]",
    "sync_notification_merge_conflict" : "Samkjøringskonflikt [%s]",
    "sync_notification_rename_complete" : "Endring av navn fullført",
    "sync_notification_rename_data_complete" : "Endring av navn fullført: %s => %s",
    "sync_notification_move_complete" : "Flytting fullført",
    "sync_notification_move_data_complete" : "Flytting fullført: %s => %s",
    "sync_dir_created" : "Opprettelse av katalog fullført: %s",
    "sync_upload_skip" : "Hopper over opplasting av fil på grunn av en utestående samkjøringskonflikt: %s",
    "sync_upload_start" : "Laster opp fil: %s",
    "sync_upload_complete" : "Opplasting av fil fullført: %s",
    "sync_delete_dir_skip" : "Hopper over sletting av ekstern katalog på grunn av en utestående samkjøringskonflikt: %s",
    "sync_delete_file_skip" : "Hopper over sletting av ekstern fil på grunn av en utestående samkjøringskonflikt: %s",
    "sync_delete_dir_complete" : "Sletting av katalog fullført: %s",
    "sync_delete_file_complete" : "Sletting av fil fullført: %s",
    "sync_delete_localfile_cancel" : "Sletting av lokal fil avbrutt på grunn av avbrutt forespørsel.",
    "sync_delete_localfile_skip" : "Hopper over sletting av lokal fil på grunn av en utestående samkjøringskonflikt: %s",
    "sync_write_cancel" : "Skriving av lokal fil avbrutt på grunn av avbrutt forespørsel.",
    "sync_download_complete" : "Nedlasting av fil fullført: %s",
    "sync_resolve_cancel" : "Løsning av konflikt avbrutt på grunn av avbrutt forespørsel.",
    "sync_resolve_complete" : "Samkjøringskonflikt løst for %s",
    "sync_resolve_unknown_action" : "Ukjent handling %s",
    "sync_sync_upload_skip" : "Hopper over opplasting av filen %s",
    "sync_sync_delete_skip" : "Hopper over sletting av filen %s",
    "sync_sync_download_skip" : "Hopper over nedlasting av filen %s",
    "sync_merge_help_1" : "For å løse konflikten må du samkjøre filene. Når det er gjort, endrer du navnet fra '%s' til '%s'.",
    "sync_merge_help_2" : "Da løser systemet konflikten og laster opp den behandlede filen.",
    "sync_merge_help_deleted_remotely_1" : "Du har to alternativer for å løse konflikten:",
    "sync_merge_help_deleted_remotely_2" : "1) Løsning ved å slette - Sletter filen også lokalt.",
    "sync_merge_help_deleted_remotely_3" : "   Dette kan du oppnå ved å endre navnet fra '%s' til '%s'.",
    "sync_merge_help_deleted_remotely_4" : "2) Løsning med ekstern fil - Last ned den eksterne filen.",
    "sync_merge_help_deleted_remotely_5" : "   Dette kan du oppnå ved å endre navnet fra '%s' til '%s'.",
    "sync_merge_help_deleted_remotely_6" : "Da løser systemet konflikten.",
    "sync_merge_help_deleted_locally_1" : "Du har to alternativer for å løse konflikten:",
    "sync_merge_help_deleted_locally_2" : "1) Løsning ved å slette - Sletter filen også lokalt.",
    "sync_merge_help_deleted_locally_3" : "   Dette kan du oppnå ved å endre navnet fra '%s' til '%s'.",
    "sync_merge_help_deleted_locally_4" : "2) Løsning med ekstern fil - Last ned den eksterne filen.",
    "sync_merge_help_deleted_locally_5" : "   Dette kan du oppnå ved å endre navnet fra '%s' til '%s'.",
    "sync_merge_help_deleted_locally_6" : "Da løser systemet konflikten.",
    "sync_conflict_local_deleted_1" : "Manuell handling nødvendig for %s",
    "sync_conflict_local_deleted_2" : "Filen er slettet lokalt og oppdatert på den eksterne serveren. Kan ikke avgjøre om den oppdaterte eksterne filen skal lastes ned eller slettes.",
    "sync_conflict_local_deleted_3" : "Laster ned filen som %s",
    "sync_conflict_remote_deleted_1" : "Manuell handling nødvendig for %s",
    "sync_conflict_remote_deleted_2" : "Filen er slettet eksternt og oppdatert lokalt. Kan ikke avgjøre om den oppdaterte filen skal lastes opp eller slettes.",
    "sync_conflict_both_1" : "Manuell samkjøring nødvendig for %s",
    "sync_conflict_both_2" : "Filen er oppdatert lokalt og på den eksterne serveren.",
    "sync_conflict_both_3" : "Laster ned filen som %s",
    "sync_conflict_outstanding" : "Utestående samkjøringskonflikt for %s",
    "sync_event_add_dir" : "Oppdaget opprettelse av katalog: %s",
    "sync_event_add_file" : "Oppdaget opprettelse av fil: %s",
    "sync_event_delete_dir" : "Oppdaget fjerning av katalog: %s",
    "sync_event_delete_file" : "Oppdaget fjerning av fil: %s",
    "sync_event_rename_dir" : "Oppdaget navneendring/flytting av katalog: %s",
    "sync_event_rename_file" : "Oppdaget navneendring/flytting av fil: %s",
    "sync_event_change_file" : "Oppdaget endring av fil: %s",
    "sync_rename_skip" : "Hopper over endring av navn på lokal fil på grunn av en utestående samkjøringskonflikt: %s",
    "sync_start_watching" : "Overvåker filer i '%s' for endringer...",

    "sync_report" : "Synkroniseringsrapport:\nTotalt        : %d\nLastet opp    : %d\nLastet ned    : %d\nSlettet       : %d / %d (lokalt/eksternt)\nKonflikter    : %d / %d (løst)\nIngen handling: %d\nFeil          : %d\n",
    "sync_error_happened" : "Det oppstod feil under synkroniseringen!"

}

