{
    "program_title" : "HCL Digital Experience File Sync v%s",
    "program_help_1" : "Este utilitário sincroniza recursos de WebDAV para um HCL Portal Theme com um diretório local.",
    "program_help_2" : "Isso permite que o desenvolvedor do tema trabalhe com esses arquivos localmente e de forma fácil usando o editor de sua preferência.",
    "program_help_3" : "Ao atualizar localmente, os arquivos são automaticamente transferidos por upload para o servidor remoto.",
    "program_help_4" : "É possível encontrar mais informações no readme.txt anexo\n",
    "program_help_5" : "Ajuda do Comando:\ndxsync.sh <options> <command>\n",
    "program_help_6" : "Comandos disponíveis:",
    "program_help_7" : "init\n    Inicializa um tema no diretório local atual",
    "program_help_8" : "run\n    Executar uma sincronização bidirecional e manter o processo ativo em segundo plano para procurar mudanças no arquivo",
    "program_help_9" : "pull\n    Causa uma sincronização unidirecional para fazer download de todos os arquivos atualizados do sistema remoto",
    "program_help_10" : "push\n    Causa uma sincronização unidirecional para fazer upload de todos os arquivos atualizados (sobrescrevendo as mudanças remotas) no sistema remoto\n",
    "program_help_11" : "Opções disponíveis:",
    "program_help_12" : "--debug\n    Ativa o modo de depuração sem padrões (nível: melhor, todos os métodos e arquivos)",
    "program_help_13" : "--debug-finest\n    Configura o nível de rastreio como excelente\n",
    "log_file_location" : "O arquivo de log será gravado em %s/.dxsync.log",
    "log_file_location2" : "É possível localizar o arquivo de log aqui: %s",
    "sigint" : "Processo ininterrupto. Até logo.",
    "uncaught_exception" : "Exceção não Capturada",
    "unrecognized_command" : "Comando não reconhecido: %s",
    "unrecognized_option" : "Opção não reconhecida: %s",
    "too_many_commands" : "Excesso de comandos: %s",
    "setup_1" : "Com este comando, um novo ponto de sincronização de tema é criado no",
    "setup_2" : "diretório atual '%s'.\n",
    "setup_3" : "Siga os prompts para conectar-se à instância remota do HCL Portal.",
    "setup_connecting" : "Conectando-se ao servidor remoto...",
    "setup_themes_found" : "Os seguintes temas foram localizados. Selecione ao qual você deseja se conectar:",
    "setup_theme_desc" : "Digite um número entre 1 e %d",
    "setup_theme_exists" : "Interrupting setup process as your synchronization point is already connected to a theme. If you wish to synchronize another theme please create a new directory and start the setup process there, or copy the .settings file manually.",
    "list_themes" : "Buscando temas em %s",
    "list_themes_none" : "Não foram localizados temas no servidor de destino.",
    "setup_abort" : "Interrompendo a inicialização.",
    "setup_success1" : "Sincronização do tema configurada com êxito.",
    "setup_success2" : "Você está pronto para executar a sincronização com o comando 'run'.",
    "print_config" : "Configuração:",
    "error_loading_config" : "Não é possível carregar configurações dxsync neste diretório. Primeiro, execute 'dxsync.sh init'.",
    "error_host" : "Não é possível conectar-se ao host.",
    "error_refused" : "Conexão recusada.",
    "error_not_found" : "Item solicitado não localizado.",
    "error_unauthorized" : "Não autorizado. Nome de usuário ou senha incorreto(a).",

    "config_section_basic" : "Básica",
    "config_section_advanced" : "Avançado",
    "config_host_desc" : "Nome do Host",
    "config_user_desc" : "Nome de usuário",
    "config_pass_desc" : "Senha",
    "config_contenthandler_desc" : "Caminho para o servlet do manipulador de conteúdos",
    "config_port_desc" : "Porta",
    "config_theme_desc" : "Tema",
    "config_syncinterval_desc" : "Intervalo em minutos para a sincronização de plano de fundo",
    "config_connections_desc" : "Número de conexões remotas simultâneas",
    "config_filter_desc" : "Expressão regular para ignorar arquivos",

    "webdav_request_canceled" : "Solicitação de WebDAV interrompida devido à solicitação de cancelamento.",
    "webdav_retry_success" : "Resolução bem-sucedida do problema encontrado anteriormente para '%s' após %s tentativas.",
    "webdav_invalid_url" : "URL inválida (%s) - não é possível localizar o esquema",

    "watcher_restart" : "Reiniciar Sincronização do Tema! (falha no comando de renomeação para %s)",
    "watcher_restart2" : "Reiniciar Sincronização do Tema! (não foi possível localizar o manipulador pelo caminho #1 ? %s)",
    "watcher_restart3" : "Reiniciar Sincronização do Tema! (não foi possível localizar o manipulador pelo caminho #2 ? %s)",
    "watcher_stateexception" : "UnknownStateException:\npath: %s\nwatchedPath: %\nstartDir: %s",
    "watcher_windows_1" : "Em razão das limitações de plataforma no Windows (manipulação de arquivos abertos), a exclusão de diretórios não é suportada ao observar arquivos.",
    "watcher_windows_2" : "Para excluir uma pasta durante a observação, use outro sistema operacional, como OSX ou Linux. No Windows, pare a observação, exclua a pasta e, em seguida, reinicie o processo.\n",
    "watcher_unable_1" : "Não é possível observar arquivos devido à ausência do módulo pathwatcher. Instale o módulo a partir da origem sem o sinalizador --use-pre-compiled.",
    "watcher_unable_2" : "Forneça um feedback para o autor desse módulo quanto à ausência de dependências pré-compiladas.",
    "watcher_unable_3" : "Informações do sistema: %s (Plataforma) / %s (Arquitetura)\n",
    "watcher_win_toomany_folders" : "Não é possível observar o diretório '%s' em razão de um erro não resolvido em um componente de pré-requisito.\nConsulte https://github.com/atom/node-pathwatcher/issues/70 para obter mais informações.",
    "watcher_win_toomany_folders_start" : "Não é possível observar os diretórios a seguir em razão de um erro não resolvido em um componente de pré-requisito.\nConsulte https://github.com/atom/node-pathwatcher/issues/70 para obter mais informações.",
    "watcher_forcewatch_info" : "Caso seja necessário que algum dos diretórios acima seja observado em razão de outros, é possível usar a configuração 'forceWatch'. Simplesmente inclua o elemento forceWatch no arquivo de configurações, localizado em %s. O valor é uma matriz de diretórios que impõe a observação. Exemplo: \"forceWatch\": [\"/example/directory\"]",

    "sync_idle" : "Inativo...",
    "sync_background_start" : "Iniciando a próxima sincronização em %d minutos...",
    "sync_background_disabled" : "Sincronização de plano de fundo desativada.",
    "sync_invalid_mode" : "Variável de modo inválida transmitida.",
    "sync_2way_phase_1" : "Sincronização bidirecional iniciada... Fase 1...",
    "sync_2way_notification" : "Sincronização bidirecional iniciada",
    "sync_push_phase_1" : "Fazendo upload de arquivos atualizados... Fase 1...",
    "sync_push_notification" : "Fazendo upload de arquivos atualizados",
    "sync_pull_phase_1" : "Fazendo download de arquivos atualizados... Fase 1...",
    "sync_pull_notification" : "Fazendo download de arquivos atualizados",
    "sync_notification_subtitle" : "Espere antes de fazer outras atualizações.",
    "sync_phase2" : "Fase 2...",
    "sync_complete" : "Sincronização concluída.",
    "sync_complete_subtitle" : "É seguro fazer mudanças no arquivo novamente.",
    "sync_complete_subtitle2" : "\nObservando arquivos em busca de mudanças...",
    "sync_notification_generic_error" : "Erro %s ao tentar %s [%s]",
    "sync_notification_multiple_error" : "Vários erros %s ao tentar %s [%s]",
    "sync_error_command_create" : "criar",
    "sync_error_command_delete" : "delete",
    "sync_error_command_update" : "atualizar",
    "sync_error_command_move" : "mover",
    "sync_notification_sync_complete" : "Sincronização concluída [%s]",
    "sync_notification_upload_complete" : "Upload concluído [%s]",
    "sync_notification_upload_error" : "Erro %s ao fazer upload de [%s]",
    "sync_notification_download_complete" : "Download concluído [%s]",
    "sync_notification_delete_complete" : "Exclusão concluída [%s]",
    "sync_notification_deletelocal_complete" : "Arquivo local excluído [%s]",
    "sync_notification_merge_complete" : "Conflito de mesclagem resolvido [%s]",
    "sync_notification_no_update" : "Não é necessário fazer atualização [%s]",
    "sync_notification_merge_conflict" : "Conflito de mesclagem [%s]",
    "sync_notification_rename_complete" : "Renomeação concluída",
    "sync_notification_rename_data_complete" : "Renomeação concluída: %s => %s",
    "sync_notification_move_complete" : "Movimentação concluída",
    "sync_notification_move_data_complete" : "Movimentação concluída: %s => %s",
    "sync_dir_created" : "Criação de diretório concluída: %s",
    "sync_upload_skip" : "Ignorando o upload do arquivo devido a um conflito de mesclagem pendente: %s",
    "sync_upload_start" : "Fazendo upload do arquivo: %s",
    "sync_upload_complete" : "Upload do arquivo concluído: %s",
    "sync_delete_dir_skip" : "Ignorando a exclusão do diretório remoto devido a um conflito de mesclagem pendente: %s",
    "sync_delete_file_skip" : "Ignorando a exclusão do arquivo remoto devido a um conflito de mesclagem pendente: %s",
    "sync_delete_dir_complete" : "Exclusão do diretório concluída: %s",
    "sync_delete_file_complete" : "Exclusão de arquivo concluída: %s",
    "sync_delete_localfile_cancel" : "Exclusão de arquivo local interrompida devido à solicitação de cancelamento.",
    "sync_delete_localfile_skip" : "Ignorando a exclusão de arquivo local devido a um conflito de mesclagem pendente: %s",
    "sync_write_cancel" : "Gravação de arquivo local interrompida devido à solicitação de cancelamento.",
    "sync_download_complete" : "Download de arquivo concluído: %s",
    "sync_resolve_cancel" : "Resolva o conflito interrompido devido à solicitação de cancelamento.",
    "sync_resolve_complete" : "Conflito de mesclagem resolvido para %s",
    "sync_resolve_unknown_action" : "Ação desconhecida %s",
    "sync_sync_upload_skip" : "Ignorando o upload do arquivo %s",
    "sync_sync_delete_skip" : "Ignorando a exclusão do arquivo %s",
    "sync_sync_download_skip" : "Ignorando o download do arquivo %s",
    "sync_merge_help_1" : "Para resolver o conflito, mescle os arquivos. Após a mesclagem, renomeie '%s' como '%s'.",
    "sync_merge_help_2" : "Isso fará com que o sistema resolva o conflito e faça upload do arquivo resolvido.",
    "sync_merge_help_deleted_remotely_1" : "Para resolver o conflito, existem duas opções:",
    "sync_merge_help_deleted_remotely_2" : "1) Resolver por meio de exclusão - Exclui o arquivo localmente também.",
    "sync_merge_help_deleted_remotely_3" : "   Isso pode ser feito renomeando '%s' como '%s'.",
    "sync_merge_help_deleted_remotely_4" : "2) Resolver com remoto - Faça download do arquivo remoto.",
    "sync_merge_help_deleted_remotely_5" : "   Isso pode ser feito renomeando '%s' como '%s'.",
    "sync_merge_help_deleted_remotely_6" : "Isso fará com que o sistema resolva o conflito.",
    "sync_merge_help_deleted_locally_1" : "Para resolver o conflito, existem duas opções:",
    "sync_merge_help_deleted_locally_2" : "1) Resolver por meio de exclusão - Exclui o arquivo localmente também.",
    "sync_merge_help_deleted_locally_3" : "   Isso pode ser feito renomeando '%s' como '%s'.",
    "sync_merge_help_deleted_locally_4" : "2) Resolver com remoto - Faça download do arquivo remoto.",
    "sync_merge_help_deleted_locally_5" : "   Isso pode ser feito renomeando '%s' como '%s'.",
    "sync_merge_help_deleted_locally_6" : "Isso fará com que o sistema resolva o conflito.",
    "sync_conflict_local_deleted_1" : "A intervenção manual é necessária para %s",
    "sync_conflict_local_deleted_2" : "O arquivo foi excluído localmente e atualizado no servidor remoto. Não é possível determinar se é necessário fazer download do arquivo remoto atualizado ou excluí-lo.",
    "sync_conflict_local_deleted_3" : "Fazendo download do arquivo como %s",
    "sync_conflict_remote_deleted_1" : "A intervenção manual é necessária para %s",
    "sync_conflict_remote_deleted_2" : "O arquivo foi excluído remotamente e atualizado localmente. Não é possível determinar se é necessário fazer upload do arquivo atualizado ou excluí-lo.",
    "sync_conflict_both_1" : "Mesclagem manual necessária para %s",
    "sync_conflict_both_2" : "O arquivo foi atualizado localmente e no servidor remoto.",
    "sync_conflict_both_3" : "Fazendo download do arquivo como %s",
    "sync_conflict_outstanding" : "Conflito de mesclagem pendente para %s",
    "sync_event_add_dir" : "Criação de diretório reconhecida: %s",
    "sync_event_add_file" : "Criação de arquivo reconhecida: %s",
    "sync_event_delete_dir" : "Remoção de diretório reconhecida: %s",
    "sync_event_delete_file" : "Remoção de arquivo reconhecida: %s",
    "sync_event_rename_dir" : "Renomeação/movimentação de diretório reconhecida: %s",
    "sync_event_rename_file" : "Renomeação/movimentação de arquivo reconhecida: %s",
    "sync_event_change_file" : "Mudança de arquivo reconhecida: %s",
    "sync_rename_skip" : "Ignorando a renomeação do arquivo local devido a um conflito de mesclagem pendente: %s",
    "sync_start_watching" : "Observando os arquivos em '%s' em busca de mudanças...",

    "sync_report" : "Relatório de Sincronização:\nTotal      : %d\nTransferidos por Upload   : %d\nTransferidos por Download : %d\nExcluídos    : %d / %d (Local/Remoto)\nConflitos  : %d / %d  (Resolvido)\nNenhuma Ação  : %d\nErros     : %d\n",
    "sync_error_happened" : "Ocorreram erros durante a sincronização!"

}

