{
    "program_title" : "HCL Digital Experience File Sync v%s",
    "program_help_1" : "Acest utilitar sincronizează resursele WebDAV pentru o temă HCL Portal cu un director local.",
    "program_help_2" : "Aceasta permite unui dezvoltator de temă să lucreze cu uşurinţă cu acele fişiere local, folosind propriul dumneavoastră editor favorit.",
    "program_help_3" : "Fişierele sunt încărcate automat la serverul la distanţă la actualizarea locală.",
    "program_help_4" : "Mai multe informaţii pot fi găsite în fişierul readme.txt ataşat\n",
    "program_help_5" : "Ajutor comandă:\ndxsync.sh <opţiuni> <command>\n",
    "program_help_6" : "Comenzi disponibile:",
    "program_help_7" : "init\n    Iniţializează o temă în director local curent ",
    "program_help_8" : "run\n    Rulaţi o sincronizare bidirecţională şi ţineţi procesul activ în fundal pentru a urmări modificările fişierelor ",
    "program_help_9" : "pull\n    Determină o sincronizare unidirecţională pentru a descărca toate fişierele actualizate din sistemul la distanţă ",
    "program_help_10" : "push\n    Determină o sincronizare unidirecţională pentru a încărca toate fişierele actualizate (prin suprascrierea modificărilor la distanţă) pe sistemul la distanţă\n",
    "program_help_11" : "Opţiuni disponibile:",
    "program_help_12" : "--debug\n    Activează modul de depanare cu valori implicite (nivel: finer, toate metodele şi fişierele)",
    "program_help_13" : "--debug-finest\n    Setează  nivelul de urmărire la finest\n",
    "log_file_location" : "Fişierul istoric va fi scris în %s/.dxsync.log",
    "log_file_location2" : "Fişierul istoric pot fi găsit aici: %s",
    "sigint" : "Întreruperea procesului. La revedere.",
    "uncaught_exception" : "Excepţie neprinsă ",
    "unrecognized_command" : "Comandă nerecunoscută: %s",
    "unrecognized_option" : "Opţiune nerecunoscută: %s",
    "too_many_commands" : "Prea multe comenzi: %s",
    "setup_1" : "Cu această comandă, creaţi un nou punct de sincronizare teme în",
    "setup_2" : "directorul curent '%s'.\n",
    "setup_3" : "Vă rugăm să urmaţi prompturile pentru a vă conecta la instanţa HCL Portal la distanţă.",
    "setup_connecting" : "Conectarea la serverul la distanţă...",
    "setup_themes_found" : "Au fost găsite următoarele teme. Vă rugăm să selectaţi tema la care doriţi să vă conectaţi:",
    "setup_theme_desc" : "Introduceţi un număr între 1 şi %d",
    "list_themes" : "Aducerea temelor de la %s",
    "list_themes_none" : "Nu s-a găsit nicio temă pe serverul destinaţie.",
    "setup_abort" : "Se renunţă la iniţializare.",
    "setup_success1" : "Setarea cu succes a sincronizării temelor.",
    "setup_success2" : "Sunteţi gata să executaţi sincronizarea cu comanda 'run'.",
    "print_config" : "Configuraţie:",
    "error_loading_config" : "Nu se pot încărca setările dxsync în acest director. Rulaţi 'dxsync.sh init' mai întâi.",
    "error_host" : "Nu se poate conecta la gazdă.",
    "error_refused" : "Conexiune refuzată.",
    "error_not_found" : "Articolul cerut nu a fost găsit.",
    "error_unauthorized" : "Neautorizat. Nume utilizator sau parolă incorecte.",

    "config_section_basic" : "De bază",
    "config_section_advanced" : "Avansat",
    "config_host_desc" : "Nume gazdă",
    "config_user_desc" : "Nume utilizator",
    "config_pass_desc" : "Parola",
    "config_contenthandler_desc" : "Calea către servletul handler de conţinut ",
    "config_port_desc" : "Port",
    "config_theme_desc" : "Temă",
    "config_syncinterval_desc" : "Interval în minute pentru sincronizarea de fundal ",
    "config_connections_desc" : "Număr de conexiuni la distanţă concurente ",
    "config_filter_desc" : "Expresie regulată pentru a ignora fişiere ",

    "webdav_request_canceled" : "WebDAV Request întreruptă din cauza anulării cererii.",
    "webdav_retry_success" : "S-a rezolvat cu succes problemă găsită mai devreme pentru '%s' după încercarea de %s ori.",
    "webdav_invalid_url" : "URL nevalid (%s) - nu s-a putut găsi schema",

    "watcher_restart" : "Reporniţi Theme Sync! (redenumire comandă fără succes pentru %s)",
    "watcher_restart2" : "Reporniţi Theme Sync! (nu s-a putut găsi handler-ul pe calea #1 ? %s)",
    "watcher_restart3" : "Reporniţi Theme Sync! (nu s-a putut găsi handler-ul pe calea #2 ? %s)",
    "watcher_stateexception" : "UnknownStateException:\npath: %s\nwatchedPath: %\nstartDir: %s",
    "watcher_windows_1" : "Din cauza limitărilor platformelor pe Windows (Manipularea fişierelor deschise), ştergerea nu este suportată în timpul urmăririi fişierelor.",
    "watcher_windows_2" : "Pentru a şterge un folder în timpul urmăririi utilizării altui sistem de operare, cum ar fi OSX sau Linux. Pe Windows, vă rugăm să opriţi urmărirea, să ştergeţi folderul şi apoi reporniţi procesul.\n",
    "watcher_unable_1" : "Nu se pot urmări fişierele din cauza lipsei modulului pathwatcher. Instalaţi modulul din sursă fără steguleţul --use-pre-compiled.",
    "watcher_unable_2" : "Vă rugăm să furnizaţi reacţie către autorul acestui modul despre dependenţele pre-compilate lipsă.",
    "watcher_unable_3" : "Informaţiile dumneavoastră de sistem: %s (Platforma) / %s (Arhitectura)\n",
    "watcher_win_toomany_folders" : "Nu se poate urmări directorul '%s' din cauza unui defect ascuns nerezolvat dintr-o componentă de cerinţe preliminare.\nVedeţi https://github.com/atom/node-pathwatcher/issues/70 pentru informaţii suplimentare.",
    "watcher_win_toomany_folders_start" : "Nu se pot urmări următoarele directoare din cauza unui defect ascuns nerezolvat dintr-o componentă de cerinţe preliminare.\nVedeţi https://github.com/atom/node-pathwatcher/issues/70 pentru informaţii suplimentare.",
    "watcher_forcewatch_info" : "Dacă trebuie să urmăriţi mai degrabă oricare dintre directoarele de mai sus în detrimentul celorlalte, puteţi folosi setarea 'forceWatch'. Adăugaţi pur şi simplu elementul forceWatch la setările fişierului localizat în %s. Valoarea este o matrice de directoare pentru a forţa urmărirea. Exemplu: \"forceWatch\": [\"/example/directory\"]",

    "sync_idle" : "Inactiv...",
    "sync_background_start" : "Porneşte următoarea sincronizare în %d minute...",
    "sync_background_disabled" : "S-a dezactivat sincronizarea de fundal.",
    "sync_invalid_mode" : "S-a transmis variabila de mod invalid.",
    "sync_2way_phase_1" : "A pornit sincronizarea bidirecţională... Faza 1...",
    "sync_2way_notification" : "A pornit sincronizarea bidirecţională ",
    "sync_push_phase_1" : "Încărcarea fişierelor actualizate... Faza 1...",
    "sync_push_notification" : "Încărcarea fişierelor actualizate ",
    "sync_pull_phase_1" : "Descărcarea fişierelor actualizate... Faza 1...",
    "sync_pull_notification" : "Descărcarea fişierelor actualizate ",
    "sync_notification_subtitle" : "Vă rugăm să aşteptaţi înainte de a face în continuare actualizări.",
    "sync_phase2" : "Faza 2...",
    "sync_complete" : "Sincronizare completă.",
    "sync_complete_subtitle" : "Puteţi modifica în siguranţă fişierul din nou.",
    "sync_complete_subtitle2" : "\nUrmărirea fişierelor pentru modificări...",
    "sync_notification_generic_error" : "Eroarea %s la încercarea %s [%s]",
    "sync_notification_multiple_error" : "Erori multiple %s la încercarea %s [%s]",
    "sync_error_command_create" : "create",
    "sync_error_command_delete" : "ştergere",
    "sync_error_command_update" : "actualizare",
    "sync_error_command_move" : "mutare",
    "sync_notification_sync_complete" : "Sincronizare completă [%s]",
    "sync_notification_upload_complete" : "Încărcare completă [%s]",
    "sync_notification_upload_error" : "Eroarea %s la încărcarea [%s]",
    "sync_notification_download_complete" : "Descărcare completă [%s]",
    "sync_notification_delete_complete" : "Ştergere completă [%s]",
    "sync_notification_deletelocal_complete" : "Fişier local şters [%s]",
    "sync_notification_merge_complete" : "Combinare conflict rezolvat [%s]",
    "sync_notification_no_update" : "Nu este necesară nicio actualizare [%s]",
    "sync_notification_merge_conflict" : "Combinare conflict [%s]",
    "sync_notification_rename_complete" : "Redenumire completă ",
    "sync_notification_rename_data_complete" : "Redenumire completă: %s => %s",
    "sync_notification_move_complete" : "Mutare completă ",
    "sync_notification_move_data_complete" : "Mutare completă: %s => %s",
    "sync_dir_created" : "Crearea de director completă: %s",
    "sync_upload_skip" : "Sărire încărcare fişier din cauza unui conflict nerezolvat de combinare: %s",
    "sync_upload_start" : "Încărcare fişier: %s",
    "sync_upload_complete" : "Încărcare fişier completă: %s",
    "sync_delete_dir_skip" : "Sărire ştergere director la distanţă din cauza unui conflict nerezolvat de combinare: %s",
    "sync_delete_file_skip" : "Sărire ştergere director la distanţă din cauza unui conflict nerezolvat de combinare: %s",
    "sync_delete_dir_complete" : "Ştergerea de director completă: %s",
    "sync_delete_file_complete" : "Ştergerea de director completă: %s",
    "sync_delete_localfile_cancel" : "Ştergerea fişierului local s-a întrerupt din cauza anulării cererii.",
    "sync_delete_localfile_skip" : "Sărire ştergere director la distanţă din cauza unui conflict nerezolvat de combinare: %s",
    "sync_write_cancel" : "Scrierea fişierului local s-a întrerupt din cauza anulării cererii.",
    "sync_download_complete" : "Descărcare fişier completă: %s",
    "sync_resolve_cancel" : "Rezolvarea conflictului s-a întrerupt din cauza anulării cererii.",
    "sync_resolve_complete" : "Combinarea conflictului rezolvată pentru %s",
    "sync_resolve_unknown_action" : "Acţiune necunoscută % s",
    "sync_sync_upload_skip" : "Sărire încărcare fişier %s",
    "sync_sync_delete_skip" : "Sărire ştergere fişier %s",
    "sync_sync_download_skip" : "Sărire descărcare fişier %s",
    "sync_merge_help_1" : "Pentru a rezolva conflictul, vă rugăm să combinaţi fişierele. Odată combinate, redenumiţi '%s' la '%s'.",
    "sync_merge_help_2" : "Aceasta va determina sistemul să rezolve conflictul şi să încarce fişierul rezolvat.",
    "sync_merge_help_deleted_remotely_1" : "Pentru a rezolva conflictul, aveţi două opţiuni:",
    "sync_merge_help_deleted_remotely_2" : "1) Rezolvare prin ştergere - Se şterge fişierul şi local.",
    "sync_merge_help_deleted_remotely_3" : "   Aceasta poate fi realizată prin redenumirea '%s' la '%s'.",
    "sync_merge_help_deleted_remotely_4" : "2) Rezolvare la distanţă - Descărcarea fişierului de la distanţă.",
    "sync_merge_help_deleted_remotely_5" : "   Aceasta poate fi realizată prin redenumirea '%s' la '%s'.",
    "sync_merge_help_deleted_remotely_6" : "Aceasta va determina sistemul să rezolve conflictul.",
    "sync_merge_help_deleted_locally_1" : "Pentru a rezolva conflictul, aveţi două opţiuni:",
    "sync_merge_help_deleted_locally_2" : "1) Rezolvare prin ştergere - Se şterge fişierul şi local.",
    "sync_merge_help_deleted_locally_3" : "   Aceasta poate fi realizată prin redenumirea '%s' la '%s'.",
    "sync_merge_help_deleted_locally_4" : "2) Rezolvare la distanţă - Descărcarea fişierului de la distanţă.",
    "sync_merge_help_deleted_locally_5" : "   Aceasta poate fi realizată prin redenumirea '%s' la '%s'.",
    "sync_merge_help_deleted_locally_6" : "Aceasta va determina sistemul să rezolve conflictul.",
    "sync_conflict_local_deleted_1" : "Intervenţie manuală necesară pentru %s",
    "sync_conflict_local_deleted_2" : "Fişierul a fost şters local şi actualizat pe serverul la distanţă. Nu s-a putut determina dacă să descărcaţi fişierul actualizat la distanţă sau să-l ştergeţi.",
    "sync_conflict_local_deleted_3" : "Descărcarea fişierului ca %s",
    "sync_conflict_remote_deleted_1" : "Intervenţie manuală necesară pentru %s",
    "sync_conflict_remote_deleted_2" : "Fişierul a fost şters la distanţă şi actualizat local. Nu s-a putut determina dacă să încărcaţi fişierul actualizat sau să-l ştergeţi.",
    "sync_conflict_both_1" : "Combinare manuală necesară pentru %s",
    "sync_conflict_both_2" : "Fişierul a fost actualizat local şi pe serverul la distanţă.",
    "sync_conflict_both_3" : "Descărcarea fişierului ca %s",
    "sync_conflict_outstanding" : "Conflict nerezolvat de combinare pentru %s",
    "sync_event_add_dir" : "Creare director recunoscut: %s",
    "sync_event_add_file" : "Creare fişier recunoscut: %s",
    "sync_event_delete_dir" : "Înlăturare director recunoscut: %s",
    "sync_event_delete_file" : "Înlăturare director recunoscut: %s",
    "sync_event_rename_dir" : "Redenumire/mutare director recunoscut: %s",
    "sync_event_rename_file" : "Redenumire/mutare director recunoscut: %s",
    "sync_event_change_file" : "Modificare fişier recunoscut: %s",
    "sync_rename_skip" : "Sărire redenumire fişier local din cauza unui conflict nerezolvat de combinare: %s",
    "sync_start_watching" : "Urmărirea fişierelor în '%s' pentru modificări...",

    "sync_report" : "Raport de sincronizare:\nTotal      : %d\nÎncărcate   : %d\nDescărcate : %d\nŞterse    : %d / %d (Local/La distanţă)\nConflicte  : %d / %d (Rezolvate)\nNicio acţiune  : %d\nErori     : %d\n",
    "sync_error_happened" : "Erori apărute în timpul sincronizării!"

}

