{
    "program_title" : "HCL Digital Experience File Sync v%s",
    "program_help_1" : "Данная утилита обеспечивает синхронизацию ресурсов WebDAV для темы HCL Portal с локальным каталогом.",
    "program_help_2" : "Это позволяет разработчику тем локально работать с файлами, используя привычный редактор.",
    "program_help_3" : "Файлы, измененные локально, автоматически передаются на удаленный сервер.",
    "program_help_4" : "Дополнительная информация приведена в файле readme.txt\n",
    "program_help_5" : "Справка по командам:\ndxsync.sh <опции> <command>\n",
    "program_help_6" : "Доступные команды:",
    "program_help_7" : "init\n    Инициализирует тему в текущем локальном каталоге",
    "program_help_8" : "run\n    Выполняет двустороннюю синхронизацию и отслеживает изменения в файлах в фоновом режиме",
    "program_help_9" : "pull\n    Выполняет одностороннюю синхронизацию для загрузки всех обновленных файлов из удаленной системы",
    "program_help_10" : "push\n    Выполняет одностороннюю синхронизацию для передачи всех обновленных файлов (с перезаписью удаленных изменений) в удаленную систему\n",
    "program_help_11" : "Доступные опции:",
    "program_help_12" : "--debug\n    Активирует стандартные параметры режима отладки (уровень: более подробный, все методы и файлы)",
    "program_help_13" : "--debug-finest\n    Задает самый подробный уровень трассировки\n",
    "log_file_location" : "Файл протокола будет записан в каталог %s/.dxsync.log",
    "log_file_location2" : "Расположение файла протокола: %s",
    "sigint" : "Прерывание процесса. До свидания.",
    "uncaught_exception" : "Необрабатываемая исключительная ситуация",
    "unrecognized_command" : "Неизвестная команда: %s",
    "unrecognized_option" : "Неизвестная опция: %s",
    "too_many_commands" : "Слишком много команд: %s",
    "setup_1" : "Эта команда создает новую точку синхронизации темы в",
    "setup_2" : "текущем каталоге '%s'.\n",
    "setup_3" : "Следуйте инструкциям на экране для подключения к удаленному экземпляру HCL Portal.",
    "setup_connecting" : "Подключение к удаленному серверу...",
    "setup_themes_found" : "Обнаружены следующие темы. Выберите тему для подключения:",
    "setup_theme_desc" : "Укажите число в диапазоне от 1 до %d",
    "list_themes" : "Получение тем из %s",
    "list_themes_none" : "На целевом сервере темы не обнаружены.",
    "setup_abort" : "Отмена инициализации.",
    "setup_success1" : "Настройка синхронизации темы успешно завершена.",
    "setup_success2" : "Можно приступить к синхронизации с помощью команды 'run'.",
    "print_config" : "Конфигурация:",
    "error_loading_config" : "Не удалось загрузить параметры dxsync в данном каталоге. Сначала выполните команду 'dxsync.sh init'.",
    "error_host" : "Невозможно подключиться к хосту.",
    "error_refused" : "Отказ в соединении.",
    "error_not_found" : "Запрошенный элемент не найден.",
    "error_unauthorized" : "Нет доступа. Неверное имя пользователя или пароль.",
    "error_wrong_protocol" : "Неправильный протокол. Как правило, такая ситуация возникает при использовании неправильного порта при подключении к серверу. Например незащищенного порта (http) и защищенного расположения (url https).",
    "error_connection_reset" : "Сброс соединения. Как правило, такая ситуация возникает при использовании неправильного порта при подключении к серверу. Например защищенного порта (https) и незащищенного расположения (url https).",
    "error_probably_no_tai" : "Не удалось выполнить идентификацию в удаленной системе. Наиболее частая причина: на целевом хосте отключен  TAI (перехватчик доверенных связей - Trust Association Intercepter) базовой идентификации. Для его включения обратитесь к документации по DXSync.",

    "config_section_basic" : "Основные",
    "config_section_advanced" : "Дополнительно",
    "config_host_desc" : "Имя хоста",
    "config_user_desc" : "Имя пользователя",
    "config_pass_desc" : "Пароль",
    "config_contenthandler_desc" : "Путь к сервлету обработчика материалов",
    "config_port_desc" : "Порт",
    "config_theme_desc" : "Тема",
    "config_syncinterval_desc" : "Интервал синхронизации в фоновом режиме в минутах",
    "config_connections_desc" : "Число параллельных удаленных соединений",
    "config_filter_desc" : "Регулярное выражение для игнорирования файлов",
    "config_secure_desc" : "Защищенное соединение (https)?",

    "webdav_request_canceled" : "Запрос WebDAV прерван по запросу отмены.",
    "webdav_retry_success" : "Успешно устранена обнаруженная ранее неполадка для '%s' спустя %s попыток.",
    "webdav_invalid_url" : "Недопустимый URL (%s) - не удалось найти схему",

    "watcher_restart" : "Перезапустите синхронизацию темы! (Команда переименования не выполнена для %s)",
    "watcher_restart2" : "Перезапустите синхронизацию темы! (Не удалось найти обработчик, используя путь #1 ? %s)",
    "watcher_restart3" : "Перезапустите синхронизацию темы! (Не удалось найти обработчик, используя путь #2 ? %s)",
    "watcher_stateexception" : "Неизвестная исключительная ситуация состояния:\nпуть: %s\nотслеживаемый путь: %\nначальный каталог: %s",
    "watcher_windows_1" : "Из-за ограничений платформы Windows (обработка открытия файлов) удаление каталогов не поддерживается в режиме отслеживания файлов.",
    "watcher_windows_2" : "Для удаления папки в режиме отслеживания используйте другую операционную систему, в частности OSX или Linux. На платформе Windows необходимо остановить отслеживание, удалить папку и перезапустить процесс.\n",
    "watcher_unable_1" : "Невозможно начать отслеживание файлов, так как отсутствует модуль pathwatcher. Установите этот модуль из источника без флага --use-pre-compiled.",
    "watcher_unable_2" : "Отправьте автору модуля сообщение об отсутствующих предкомпилированных зависимостях.",
    "watcher_unable_3" : "Сведения о системе: %s (платформа) / %s (архитектура)\n",
    "watcher_win_toomany_folders" : "Невозможно начать отслеживание каталога '%s' из-за неустраненной неисправности в обязательном компоненте.\nДополнительную информацию см. на странице https://github.com/atom/node-pathwatcher/issues/70.",
    "watcher_win_toomany_folders_start" : "Невозможно начать отслеживание следующих каталогов из-за неустраненной неисправности в обязательном компоненте.\nДополнительную информацию см. на странице https://github.com/atom/node-pathwatcher/issues/70.",
    "watcher_forcewatch_info" : "Для принудительного отслеживания изменений в определенных каталогах задайте параметр 'forceWatch'. Для этого добавьте элемент forceWatch в файл параметров, расположенный в каталоге %s. Значение представляет собой массив каталогов для принудительного отслеживания. Пример: \"forceWatch\": [\"/example/directory\"]",

    "sync_idle" : "Простой...",
    "sync_background_start" : "Следующая синхронизация будет запущена через %d мин...",
    "sync_background_disabled" : "Синхронизация в фоновом режиме выключена.",
    "sync_invalid_mode" : "Передана недопустимая переменная режима.",
    "sync_2way_phase_1" : "Запущена двусторонняя синхронизация... Этап 1...",
    "sync_2way_notification" : "Запущена двусторонняя синхронизация",
    "sync_push_phase_1" : "Передача обновленных файлов... Этап 1...",
    "sync_push_notification" : "Передача обновленных файлов",
    "sync_pull_phase_1" : "Загрузка обновленных файлов... Этап 1...",
    "sync_pull_notification" : "Загрузка обновленных файлов",
    "sync_notification_subtitle" : "Пожалуйста, подождите перед внесением новых изменений.",
    "sync_phase2" : "Этап 2...",
    "sync_complete" : "Синхронизация выполнена.",
    "sync_complete_subtitle" : "Теперь можно снова вносить изменения в файлы.",
    "sync_complete_subtitle2" : "\nОтслеживание изменений в файлах...",
    "sync_notification_generic_error" : "Ошибка %s при попытке %s [%s]",
    "sync_notification_multiple_error" : "Обнаружено несколько ошибок %s при попытке %s [%s]",
    "sync_error_command_create" : "создать",
    "sync_error_command_delete" : "удалить",
    "sync_error_command_update" : "обновить",
    "sync_error_command_move" : "удалить",
    "sync_notification_sync_complete" : "Синхронизация выполнена [%s]",
    "sync_notification_upload_complete" : "Передача завершена [%s]",
    "sync_notification_upload_error" : "Ошибка %s во время передачи [%s]",
    "sync_notification_download_complete" : "Загрузка завершена [%s]",
    "sync_notification_delete_complete" : "Удаление завершено [%s]",
    "sync_notification_deletelocal_complete" : "Удален локальный файл [%s]",
    "sync_notification_merge_complete" : "Конфликт объединения устранен [%s]",
    "sync_notification_no_update" : "Обновление не требуется [%s]",
    "sync_notification_merge_conflict" : "Конфликт объединения [%s]",
    "sync_notification_rename_complete" : "Переименование выполнено",
    "sync_notification_rename_data_complete" : "Переименование выполнено: %s => %s",
    "sync_notification_move_complete" : "Перенос завершен",
    "sync_notification_move_data_complete" : "Перенос завершен: %s => %s",
    "sync_dir_created" : "Создание каталога завершено: %s",
    "sync_upload_skip" : "Будет пропущена передача файла из-за ожидающего обработки конфликта объединения: %s",
    "sync_upload_start" : "Передача файла: %s",
    "sync_upload_complete" : "Передача файла завершена: %s",
    "sync_delete_dir_skip" : "Будет пропущено удаление удаленного каталога из-за ожидающего обработки конфликта объединения: %s",
    "sync_delete_file_skip" : "Будет пропущено удаление удаленного файла из-за ожидающего обработки конфликта объединения: %s",
    "sync_delete_dir_complete" : "Удаление каталога завершено: %s",
    "sync_delete_file_complete" : "Удаление файла завершено: %s",
    "sync_delete_localfile_cancel" : "Удаление локального файла прервано по запросу отмены.",
    "sync_delete_localfile_skip" : "Будет пропущено удаление локального файла из-за ожидающего обработки конфликта объединения: %s",
    "sync_write_cancel" : "Запись локального файла прервана по запросу отмены.",
    "sync_download_complete" : "Загрузка файла завершена: %s",
    "sync_resolve_cancel" : "Обработка конфликта прервана по запросу отмены.",
    "sync_resolve_complete" : "Конфликт объединения устранен для %s",
    "sync_resolve_unknown_action" : "Неизвестное действие %s",
    "sync_sync_upload_skip" : "Будет пропущена передача файла %s",
    "sync_sync_delete_skip" : "Будет пропущено удаление файла %s",
    "sync_sync_download_skip" : "Будет пропущена загрузка файла %s",
    "sync_merge_help_1" : "Для устранения конфликта необходимо объединить файлы. После объединения переименуйте '%s' в '%s'.",
    "sync_merge_help_2" : "Система устранит конфликт и передаст правильный файл.",
    "sync_merge_help_deleted_remotely_1" : "Существует два варианта устранения конфликта:",
    "sync_merge_help_deleted_remotely_2" : "1) Удалить (удаление локального файла).",
    "sync_merge_help_deleted_remotely_3" : "   Для этого необходимо переименовать '%s' в '%s'.",
    "sync_merge_help_deleted_remotely_4" : "2) Использовать удаленный файл (загрузка удаленного файла).",
    "sync_merge_help_deleted_remotely_5" : "   Для этого необходимо переименовать '%s' в '%s'.",
    "sync_merge_help_deleted_remotely_6" : "Это позволит системе устранить конфликт.",
    "sync_merge_help_deleted_locally_1" : "Существует два варианта устранения конфликта:",
    "sync_merge_help_deleted_locally_2" : "1) Удалить (удаление локального файла).",
    "sync_merge_help_deleted_locally_3" : "   Для этого необходимо переименовать '%s' в '%s'.",
    "sync_merge_help_deleted_locally_4" : "2) Использовать удаленный файл (загрузка удаленного файла).",
    "sync_merge_help_deleted_locally_5" : "   Для этого необходимо переименовать '%s' в '%s'.",
    "sync_merge_help_deleted_locally_6" : "Это позволит системе устранить конфликт.",
    "sync_conflict_local_deleted_1" : "Требуется вмешательство для %s",
    "sync_conflict_local_deleted_2" : "Файл был удален локально и передан на удаленный сервер. Невозможно определить, требуется загрузить или удалить обновленный удаленный файл.",
    "sync_conflict_local_deleted_3" : "Файл загружается как %s",
    "sync_conflict_remote_deleted_1" : "Требуется вмешательство для %s",
    "sync_conflict_remote_deleted_2" : "Файл был удален удаленно и обновлен локально. Невозможно определить, требуется передать или удалить обновленный файл.",
    "sync_conflict_both_1" : "Необходимо вручную выполнить объединение для %s",
    "sync_conflict_both_2" : "Файл был обновлен локально и на удаленном сервере.",
    "sync_conflict_both_3" : "Файл загружается как %s",
    "sync_conflict_outstanding" : "Ожидающий обработки конфликт объединения для %s",
    "sync_event_add_dir" : "Создание распознанного каталога: %s",
    "sync_event_add_file" : "Создание распознанного файла: %s",
    "sync_event_delete_dir" : "Удаление распознанного каталога: %s",
    "sync_event_delete_file" : "Удаление распознанного файла: %s",
    "sync_event_rename_dir" : "Переименование/перемещение распознанного каталога: %s",
    "sync_event_rename_file" : "Переименование/перемещение распознанного файла: %s",
    "sync_event_change_file" : "Изменение распознанного файла: %s",
    "sync_rename_skip" : "Будет пропущено переименование локального файла из-за ожидающего обработки конфликта объединения: %s",
    "sync_start_watching" : "Отслеживание изменений в файлах в '%s'...",

    "sync_ignore_rename" : "Операция переименования файла будет проигнорирована, так как целевой файл '%s' соответствует критерию скрытого файла.",
    "watcher_ignore_delete" : "Операция удаления файла будет проигнорирована, так как целевой файл '%s' соответствует критерию скрытого файла.",

    "sync_report" : "Отчет о синхронизации:\nВсего      : %d\nПередано   : %d\nЗагружено : %d\nУдалено    : %d / %d (локально/удаленно)\nКонфликтов  : %d / %d (устранено)\nНе обработано  : %d\nОшибок     : %d\n",
    "sync_error_happened" : "Во время синхронизации произошли ошибки!"

}

