{
    "program_title" : "HCL Digital Experience File Sync v%s",
    "program_help_1" : "Ta pripomoček sinhronizira vire WebDAV za temo HCL Portal z lokalnim imenikom.",
    "program_help_2" : "To omogoča, da razvijalec tem brez težav lokalno dela s temi datotekami s pomočjo priljubljenega urejevalnika.",
    "program_help_3" : "Datoteke se pri lokalnem posodabljanju samodejno naložijo na oddaljeni strežnik.",
    "program_help_4" : "Dodatne informacije lahko najdete v priloženi datoteki readme.txt\n",
    "program_help_5" : "Pomoč za ukaze:\ndxsync.sh <options> <command>\n",
    "program_help_6" : "Razpoložljivi ukazi:",
    "program_help_7" : "init\n    Inicializira temo znotraj trenutnega lokalnega imenika",
    "program_help_8" : "run\n    Izvede dvosmerno sinhronizacijo in ohrani proces aktiven v ozadju, da spremlja spremembe datotek",
    "program_help_9" : "pull\n    Povzroči, da enosmerna sinhronizacija prenese vse posodobljene datoteke z oddaljenega sistema",
    "program_help_10" : "push\n    Povzroči, da enosmerna sinhronizacija naloži vse posodobljene datoteke (prepiše oddaljene spremembe) na oddaljeni sistem\n",
    "program_help_11" : "Razpoložljive možnosti:",
    "program_help_12" : "--debug\n    Omogoči način razhroščevanja s privzetki (raven: podrobnejše, vse metode in datoteke)",
    "program_help_13" : "--debug-finest\n    Nastavi najpodrobnejšo raven sledenja\n",
    "log_file_location" : "Datoteka dnevnika bo zapisana v %s/.dxsync.log",
    "log_file_location2" : "Datoteko dnevnika lahko najdete tu: %s",
    "sigint" : "Sistem prekinja proces. Nasvidenje.",
    "uncaught_exception" : "Neulovljeno izjemno stanje",
    "unrecognized_command" : "Neznan ukaz: %s",
    "unrecognized_option" : "Neznana možnost: %s",
    "too_many_commands" : "Preveč ukazov: %s",
    "setup_1" : "S tem ukazom izdelate novo sinhronizacijsko točko teme v",
    "setup_2" : "trenutnem imeniku '%s'.\n",
    "setup_3" : "Sledite pozivom, da vzpostavite povezavo z oddaljenim primerkom HCL Portal.",
    "setup_connecting" : "Vzpostavljanje povezave z oddaljenim strežnikom ...",
    "setup_themes_found" : "Odkrite so bile naslednje teme. Izberite, s katero želite vzpostaviti povezavo:",
    "setup_theme_desc" : "Vnesite številko med 1 in %d",
    "list_themes" : "Pridobivanje tem od: %s",
    "list_themes_none" : "Na ciljnem strežniku ni tem.",
    "setup_abort" : "Inicializacija je prekinjena.",
    "setup_success1" : "Sinhronizacija teme je bila uspešno nastavljena.",
    "setup_success2" : "Pripravljeni ste na izvršitev sinhronizacije z ukazom 'run'.",
    "print_config" : "Konfiguracija:",
    "error_loading_config" : "Nastavitev dxsync ni mogoče naložiti v tem imeniku. Najprej zaženite 'dxsync.sh init'.",
    "error_host" : "Povezave z gostiteljem ni mogoče vzpostaviti.",
    "error_refused" : "Povezava je bila zavrnjena.",
    "error_not_found" : "Zahtevane postavke ni mogoče najti.",
    "error_unauthorized" : "Nepooblaščen. Nepravilno uporabniško ime ali geslo.",
    "error_wrong_protocol" : "Napačen protokol. Do tega navadno pride, če pri povezovanju s strežnikom uporabljate napačna vrata. Na primer: nezaščitena vrata (http) z zaščiteno lokacijo (https url).",
    "error_connection_reset" : "Ponastavitev povezave. Do tega navadno pride, če pri povezovanju s strežnikom uporabljate napačna vrata. Na primer: zaščitena vrata (https) z nezaščiteno lokacijo (https url).",
    "error_probably_no_tai" : "Overjanje z oddaljenim sistemom ni mogoče. Do tega najverjetneje pride, če je bil na ciljnem gostitelju TAI (Trust Association Intercepter) osnovnega overjanja onemogočen. Navodila, kako ga vklopite, poiščite v dokumentaciji DXSync. ",

    "config_section_basic" : "Osnovno",
    "config_section_advanced" : "Napredno",
    "config_host_desc" : "Ime gostitelja",
    "config_user_desc" : "Uporabniško ime",
    "config_pass_desc" : "Geslo",
    "config_contenthandler_desc" : "Pot do strežniškega programčka nadzornika vsebine",
    "config_port_desc" : "Vrata",
    "config_theme_desc" : "Tema",
    "config_syncinterval_desc" : "Interval za sinhronizacijo v ozadju v minutah",
    "config_connections_desc" : "Število sočasnih oddaljenih povezav",
    "config_filter_desc" : "Regularni izraz za prezrtje datotek",
    "config_secure_desc" : "Zaščitena povezava (https)?",

    "webdav_request_canceled" : "Zahteva WebDAV je bila prekinjena zaradi preklica zahteve.",
    "webdav_retry_success" : "Težava, ki je bila prej odkrita za '%s', je bila popravljena po naslednjem št. poskusov: %s",
    "webdav_invalid_url" : "Neveljaven URL (%s) - sheme ni mogoče najti",

    "watcher_restart" : "Znova zaženite sinhronizacijo tem! (ukaz preimenovanja za %s ni uspel)",
    "watcher_restart2" : "Znova zaženite sinhronizacijo tem! (nadzornika ni mogoče najti po poti #1 ? %s)",
    "watcher_restart3" : "Znova zaženite sinhronizacijo tem! (nadzornika ni mogoče najti po poti #2 ? %s)",
    "watcher_stateexception" : "UnknownStateException:\npath: %s\nwatchedPath: %\nstartDir: %s",
    "watcher_windows_1" : "Brisanje imenikov med opazovanjem datotek ni podprto zaradi omejitev platforme v operacijskem sistemu Windows (obravnava ročke odprte datoteke).",
    "watcher_windows_2" : "Če želite mapo izbrisati med opazovanjem, to storite z drugim operacijskim sistemom, na primer OSX ali Linux. V operacijskem sistemu Windows ustavite opazovanje, izbrišite mapo in nato znova zaženite proces.\n",
    "watcher_unable_1" : "Datotek ni mogoče opazovati zaradi manjkajočega modula pathwatcher. Modul namestite iz izvora brez zastavice --use-pre-compiled.",
    "watcher_unable_2" : "Avtorju tega modula podajte povratne informacije o manjkajočih predprevedenih odvisnostih.",
    "watcher_unable_3" : "Informacije o vašem sistemu: %s (platforma) / %s (arhitektura)\n",
    "watcher_win_toomany_folders" : "Imenika '%s' ni mogoče opazovati zaradi nerazrešenega hrošča v predpogojni komponenti.\nZa več informacij glejte https://github.com/atom/node-pathwatcher/issues/70.",
    "watcher_win_toomany_folders_start" : "Naslednjih imenikov ni mogoče opazovati zaradi nerazrešenega hrošča v predpogojni komponenti.\nZa več informacij glejte https://github.com/atom/node-pathwatcher/issues/70.",
    "watcher_forcewatch_info" : "Če želite, da se kateregakoli od zgornjih imenikov opazuje zaradi drugih, lahko to storite z nastavitvijo 'forceWatch'. Element forceWatch preprosto dodajte v datoteko z nastavitvami, ki se nahaja v %s. Vrednost je indeksirano polje imenikov za vsiljeno opazovanje. Primer: \"forceWatch\": [\"/example/directory\"]",

    "sync_idle" : "Mirujoče ...",
    "sync_background_start" : "Naslednja sinhronizacije se bo zagnala čez %d min ...",
    "sync_background_disabled" : "Sinhronizacija v ozadju je onemogočena.",
    "sync_invalid_mode" : "Posredovana je bila neveljavna spremenljivka načina.",
    "sync_2way_phase_1" : "Dvosmerna sinhronizacija se je začela ... Stopnja 1 ...",
    "sync_2way_notification" : "Dvosmerna sinhronizacija se je začela",
    "sync_push_phase_1" : "Nalaganje posodobljenih datotek ... Stopnja 1 ...",
    "sync_push_notification" : "Nalaganje posodobljenih datotek",
    "sync_pull_phase_1" : "Prenašanje posodobljenih datotek ... Stopnja 1 ...",
    "sync_pull_notification" : "Prenašanje posodobljenih datotek",
    "sync_notification_subtitle" : "Počakajte, preden začnete opravljati dodatne posodobitve.",
    "sync_phase2" : "Stopnja 2 ...",
    "sync_complete" : "Sinhronizacija je končana.",
    "sync_complete_subtitle" : "Datoteke lahko zdaj znova varno spreminjate.",
    "sync_complete_subtitle2" : "\nOpazovanje sprememb v datotekah ...",
    "sync_notification_generic_error" : "Napaka %s pri poskusu izvajanja naslednjega dejanja: %s [%s]",
    "sync_notification_multiple_error" : "Več napak %s pri poskusu izvajanja naslednjega dejanja: %s [%s]",
    "sync_error_command_create" : "izdelaj",
    "sync_error_command_delete" : "izbriši",
    "sync_error_command_update" : "posodobi",
    "sync_error_command_move" : "premakni",
    "sync_notification_sync_complete" : "Sinhronizacija je končana [%s]",
    "sync_notification_upload_complete" : "Nalaganje je končano [%s]",
    "sync_notification_upload_error" : "Napaka %s med nalaganjem [%s]",
    "sync_notification_download_complete" : "Prenos je končan [%s]",
    "sync_notification_delete_complete" : "Brisanje je končano [%s]",
    "sync_notification_deletelocal_complete" : "Lokalna datoteka je bila izbrisana [%s]",
    "sync_notification_merge_complete" : "Navzkrižje pri združevanju je bilo razrešeno [%s]",
    "sync_notification_no_update" : "Posodobitev ni potrebna [%s]",
    "sync_notification_merge_conflict" : "Navzkrižje pri združevanju [%s]",
    "sync_notification_rename_complete" : "Preimenovanje je končano",
    "sync_notification_rename_data_complete" : "Preimenovanje je končano: %s => %s",
    "sync_notification_move_complete" : "Premikanje je končano",
    "sync_notification_move_data_complete" : "Premikanje je končano: %s => %s",
    "sync_dir_created" : "Izdelava imenika je končana: %s",
    "sync_upload_skip" : "Nalaganje datoteke je preskočeno zaradi čakajočega navzkrižja pri združevanju: %s",
    "sync_upload_start" : "Nalaganje datoteke: %s",
    "sync_upload_complete" : "Nalaganje datoteke je končano: %s",
    "sync_delete_dir_skip" : "Brisanje oddaljenega imenika je preskočeno zaradi čakajočega navzkrižja pri združevanju: %s",
    "sync_delete_file_skip" : "Brisanje oddaljene datoteke je preskočeno zaradi čakajočega navzkrižja pri združevanju: %s",
    "sync_delete_dir_complete" : "Brisanje imenika je končano: %s",
    "sync_delete_file_complete" : "Brisanje datoteke je končano: %s",
    "sync_delete_localfile_cancel" : "Brisanje lokalne datoteke je bilo prekinjeno zaradi preklica zahteve.",
    "sync_delete_localfile_skip" : "Brisanje lokalne datoteke je preskočeno zaradi čakajočega navzkrižja pri združevanju: %s",
    "sync_write_cancel" : "Zapisovanje lokalne datoteke je bilo prekinjeno zaradi preklica zahteve.",
    "sync_download_complete" : "Prenos datoteke je končan: %s",
    "sync_resolve_cancel" : "Razreševanje navzkrižja je bilo prekinjeno zaradi preklica zahteve.",
    "sync_resolve_complete" : "Navzkrižje pri združevanju je bilo razrešeno za %s",
    "sync_resolve_unknown_action" : "Neznano dejanje %s",
    "sync_sync_upload_skip" : "Preskok nalaganja datoteke %s",
    "sync_sync_delete_skip" : "Preskok brisanja datoteke %s",
    "sync_sync_download_skip" : "Preskok prenašanja datoteke %s",
    "sync_merge_help_1" : "Če želite razrešiti navzkrižje, združite datoteke. Ko jih združite, preimenujte '%s' v '%s'.",
    "sync_merge_help_2" : "To bo povzročilo, da bo sistem razrešil navzkrižje in naložil popravljeno datoteko.",
    "sync_merge_help_deleted_remotely_1" : "Če želite razrešiti navzkrižje, imate na voljo dve izbiri:",
    "sync_merge_help_deleted_remotely_2" : "1) Razrešite z brisanjem - datoteko izbriše tudi lokalno.",
    "sync_merge_help_deleted_remotely_3" : "   To lahko dosežete tako, da '%s' preimenujete v '%s'.",
    "sync_merge_help_deleted_remotely_4" : "2) Razrešite z oddaljeno - prenese oddaljeno datoteko.",
    "sync_merge_help_deleted_remotely_5" : "   To lahko dosežete tako, da '%s' preimenujete v '%s'.",
    "sync_merge_help_deleted_remotely_6" : "To bo povzročilo, da bo sistem razrešil navzkrižje.",
    "sync_merge_help_deleted_locally_1" : "Če želite razrešiti navzkrižje, imate na voljo dve izbiri:",
    "sync_merge_help_deleted_locally_2" : "1) Razrešite z brisanjem - datoteko izbriše tudi lokalno.",
    "sync_merge_help_deleted_locally_3" : "   To lahko dosežete tako, da '%s' preimenujete v '%s'.",
    "sync_merge_help_deleted_locally_4" : "2) Razrešite z oddaljeno - prenese oddaljeno datoteko.",
    "sync_merge_help_deleted_locally_5" : "   To lahko dosežete tako, da '%s' preimenujete v '%s'.",
    "sync_merge_help_deleted_locally_6" : "To bo povzročilo, da bo sistem razrešil navzkrižje.",
    "sync_conflict_local_deleted_1" : "Za %s je potreben ročni poseg",
    "sync_conflict_local_deleted_2" : "Datoteka je bila izbrisana lokalno in je bila naložena na oddaljeni strežnik. Sistem ne more določiti, ali naj prenese posodobljeno oddaljeno datoteko ali naj jo izbriše.",
    "sync_conflict_local_deleted_3" : "Prenašanje datoteke kot %s",
    "sync_conflict_remote_deleted_1" : "Za %s je potreben ročni poseg",
    "sync_conflict_remote_deleted_2" : "Datoteka je bila oddaljeno izbrisana in lokalno posodobljena. Sistem ne more določiti, ali naj naloži posodobljeno datoteko ali naj jo izbriše.",
    "sync_conflict_both_1" : "Za %s je potrebno ročno združevanje",
    "sync_conflict_both_2" : "Datoteka je bila posodobljena in na oddaljenem strežniku.",
    "sync_conflict_both_3" : "Prenašanje datoteke kot %s",
    "sync_conflict_outstanding" : "Čakajoče navzkrižje pri združevanju za %s",
    "sync_event_add_dir" : "Prepoznana izdelava imenika: %s",
    "sync_event_add_file" : "Prepoznana izdelava datoteke: %s",
    "sync_event_delete_dir" : "Prepoznana odstranitev imenika: %s",
    "sync_event_delete_file" : "Prepoznana odstranitev datoteke: %s",
    "sync_event_rename_dir" : "Prepoznano preimenovanje/premik imenika: %s",
    "sync_event_rename_file" : "Prepoznano preimenovanje/premik datoteke: %s",
    "sync_event_change_file" : "Prepoznana sprememba datoteke: %s",
    "sync_rename_skip" : "Preimenovanje lokalne datoteke je preskočeno zaradi čakajočega navzkrižja pri združevanju: %s",
    "sync_start_watching" : "Opazovanje sprememb v datotekah v '%s' ...",

    "sync_ignore_rename" : "Preimenovanje datoteke bo prezrto, ker ciljna datoteka '%s' izpolnjuje kriterije za skrito datoteko. ",
    "watcher_ignore_delete" : "Brisanje datoteke bo prezrto, ker ciljna datoteka '%s' izpolnjuje kriterije za skrito datoteko. ",

    "sync_report" : "Poročilo o sinhronizaciji:\nSkupaj      : %d\nNaloženo   : %d\nPreneseno : %d\nIzbrisano    : %d / %d (lokalno/oddaljeno)\nNavzkrižja  : %d / %d (razrešeno)\nBrez dejanja  : %d\nNapake     : %d\n",
    "sync_error_happened" : "Med sinhronizacijo je prišlo do napak!"

}

